git_trigger_commit,gh_project_name,tr_status,tr_started_at,tr_finished_at,tr_duration,gh_files_changed,gh_lines_added,gh_lines_deleted,gh_src_churn,gh_tests_run,gh_tests_added,gh_is_pr,git_author_email,git_committed_at
d867d8db9af49527,smoke/alpha,passed,2020-01-01 00:00:00,2020-01-01 00:01:59,119.3,9,255,114,290,62,10,true,author4@example.com,2020-01-01 00:00:00
0953aac95ce38522,smoke/alpha,failed,2020-01-01 23:03:47,2020-01-01 23:17:17,810.5,17,621,13,1154,111,10,false,author1@example.com,2020-01-01 23:03:47
d989349a6b25228a,smoke/alpha,passed,2020-01-02 22:27:12,2020-01-02 23:19:26,3133.4,25,168,357,870,184,4,true,author1@example.com,2020-01-02 22:27:12
fdcb9edd9cfedf8b,smoke/alpha,passed,2020-01-04 03:56:24,2020-01-04 04:02:25,361.1,4,372,176,546,32,7,true,author3@example.com,2020-01-04 03:56:24
49fccabf9a2fc599,smoke/alpha,passed,2020-01-04 22:53:08,2020-01-04 23:31:02,2274.2,29,375,295,398,45,0,true,author2@example.com,2020-01-04 22:53:08
45b27450fca39922,smoke/alpha,passed,2020-01-06 04:42:30,2020-01-06 05:34:33,3123.3,13,289,232,752,93,5,false,author1@example.com,2020-01-06 04:42:30
d242b42fffb431ec,smoke/alpha,passed,2020-01-07 06:45:01,2020-01-07 07:26:12,2470.3,3,628,325,355,283,3,true,author3@example.com,2020-01-07 06:45:01
9bcc4b146509d967,smoke/alpha,passed,2020-01-08 05:18:14,2020-01-08 05:56:49,2314.8,18,229,350,669,38,3,true,author2@example.com,2020-01-08 05:18:14
24a8d8c0a1a04843,smoke/alpha,failed,2020-01-09 04:07:04,2020-01-09 05:01:54,3289.9,19,740,161,440,265,6,false,author1@example.com,2020-01-09 04:07:04
e920a7530c170f87,smoke/alpha,passed,2020-01-10 01:17:47,2020-01-10 01:51:41,2034.1,9,769,299,882,214,5,true,author1@example.com,2020-01-10 01:17:47
c52b4a005e1f9366,smoke/alpha,failed,2020-01-11 01:24:38,2020-01-11 01:27:57,198.2,4,161,321,332,226,9,true,author3@example.com,2020-01-11 01:24:38
5f9f0de749f8b72b,smoke/alpha,passed,2020-01-11 23:59:24,2020-01-12 00:31:23,1918.9,18,16,348,239,284,4,false,author0@example.com,2020-01-11 23:59:24
bb96a99fb1632c86,smoke/alpha,passed,2020-01-12 21:30:44,2020-01-12 21:31:25,41.6,24,741,134,1030,101,8,true,author2@example.com,2020-01-12 21:30:44
e2a72f4b89bbd768,smoke/alpha,passed,2020-01-14 01:36:44,2020-01-14 01:49:04,740.1,12,785,82,1109,281,0,false,author3@example.com,2020-01-14 01:36:44
721afc57e56c61af,smoke/alpha,passed,2020-01-14 19:50:45,2020-01-14 20:43:32,3167.0,27,319,122,123,133,9,true,author0@example.com,2020-01-14 19:50:45
355ef8fb2cfaf505,smoke/alpha,passed,2020-01-15 22:37:43,2020-01-15 23:36:25,3521.4,18,789,64,267,253,8,true,author2@example.com,2020-01-15 22:37:43
30365f58ac897de1,smoke/alpha,passed,2020-01-16 22:57:39,2020-01-16 23:55:32,3472.8,30,557,386,416,169,6,false,author3@example.com,2020-01-16 22:57:39
b54363707ed4047c,smoke/alpha,passed,2020-01-18 03:45:22,2020-01-18 04:00:37,915.0,3,351,10,1139,127,9,true,author0@example.com,2020-01-18 03:45:22
548d07fdec7c2688,smoke/alpha,passed,2020-01-18 22:36:29,2020-01-18 22:50:37,847.3,29,37,169,150,273,3,false,author3@example.com,2020-01-18 22:36:29
b595f5919c42c453,smoke/alpha,failed,2020-01-19 19:10:44,2020-01-19 20:06:54,3369.8,19,595,242,502,252,6,true,author0@example.com,2020-01-19 19:10:44
c1940959e5a10efe,smoke/alpha,passed,2020-01-20 14:20:32,2020-01-20 14:46:14,1542.2,15,751,27,206,41,6,false,author0@example.com,2020-01-20 14:20:32
85ef7c5add87323a,smoke/alpha,passed,2020-01-21 11:19:34,2020-01-21 11:46:45,1631.6,14,192,142,952,137,1,false,author4@example.com,2020-01-21 11:19:34
7474eaf63e852118,smoke/alpha,passed,2020-01-22 06:30:03,2020-01-22 07:02:43,1959.9,1,100,385,489,95,6,false,author3@example.com,2020-01-22 06:30:03
f9bb2545659a0e7b,smoke/alpha,passed,2020-01-23 03:03:57,2020-01-23 03:07:56,239.3,13,7,199,548,242,4,false,author4@example.com,2020-01-23 03:03:57
8c7e1e7854a201cf,smoke/alpha,passed,2020-01-24 05:00:30,2020-01-24 05:12:18,707.9,7,64,296,1115,41,5,true,author0@example.com,2020-01-24 05:00:30
cf8dbc5e9893c3d7,smoke/alpha,passed,2020-01-25 06:01:06,2020-01-25 06:52:21,3074.2,6,63,260,169,105,1,true,author1@example.com,2020-01-25 06:01:06
6debefd40e6044fe,smoke/alpha,passed,2020-01-26 04:51:50,2020-01-26 05:26:13,2063.7,19,613,20,172,224,10,false,author2@example.com,2020-01-26 04:51:50
8bc187a113e0d976,smoke/alpha,passed,2020-01-27 01:18:54,2020-01-27 01:33:36,882.1,13,139,343,619,244,5,true,author0@example.com,2020-01-27 01:18:54
e4b2f0fb4f1bd104,smoke/alpha,passed,2020-01-28 00:48:52,2020-01-28 01:48:38,3586.1,3,555,109,1041,145,2,false,author0@example.com,2020-01-28 00:48:52
929013fb1565b4fb,smoke/alpha,passed,2020-01-29 05:21:56,2020-01-29 05:31:49,593.2,27,561,360,624,280,0,false,author0@example.com,2020-01-29 05:21:56
6034ab7a14bf08c8,smoke/alpha,failed,2020-01-30 10:37:58,2020-01-30 10:45:20,442.1,4,765,283,323,149,4,true,author2@example.com,2020-01-30 10:37:58
051bf82f6592de13,smoke/alpha,passed,2020-01-31 07:04:33,2020-01-31 07:20:46,972.4,16,262,26,194,226,4,true,author0@example.com,2020-01-31 07:04:33
6d9733ee1e775176,smoke/alpha,failed,2020-02-01 05:04:43,2020-02-01 06:03:31,3527.9,6,764,226,1134,228,8,true,author0@example.com,2020-02-01 05:04:43
0af3fb339275ec73,smoke/alpha,passed,2020-02-01 23:58:53,2020-02-02 00:53:10,3257.0,18,41,189,1197,292,2,false,author1@example.com,2020-02-01 23:58:53
3a914695131e6f73,smoke/alpha,passed,2020-02-02 18:29:00,2020-02-02 19:25:01,3361.1,28,45,183,435,137,10,true,author2@example.com,2020-02-02 18:29:00
7cbd8a70e8106696,smoke/alpha,passed,2020-02-03 21:50:41,2020-02-03 22:15:22,1480.8,20,772,79,489,93,2,false,author0@example.com,2020-02-03 21:50:41
da832b3f30f328bb,smoke/alpha,passed,2020-02-04 17:59:50,2020-02-04 18:46:53,2823.1,14,690,376,513,146,2,true,author3@example.com,2020-02-04 17:59:50
d51b03949cc41bcb,smoke/alpha,passed,2020-02-05 22:27:47,2020-02-05 22:41:31,824.1,27,476,179,630,126,3,true,author1@example.com,2020-02-05 22:27:47
dce7169ee62d906c,smoke/alpha,passed,2020-02-06 21:14:41,2020-02-06 21:19:19,277.8,25,290,179,1048,214,10,false,author0@example.com,2020-02-06 21:14:41
1b1dad898d48c3c8,smoke/alpha,passed,2020-02-07 16:37:44,2020-02-07 16:48:51,667.5,9,44,55,894,186,5,false,author4@example.com,2020-02-07 16:37:44
684c1c301b88ff9f,smoke/alpha,failed,2020-02-08 22:26:23,2020-02-08 23:20:24,3241.2,7,265,22,898,10,8,true,author2@example.com,2020-02-08 22:26:23
df05e6cc80c13227,smoke/alpha,passed,2020-02-09 21:36:55,2020-02-09 22:32:12,3317.2,20,326,339,260,163,8,false,author3@example.com,2020-02-09 21:36:55
005a2dde0c7cfc06,smoke/alpha,passed,2020-02-10 19:31:46,2020-02-10 20:05:15,2009.3,7,435,340,781,99,9,false,author3@example.com,2020-02-10 19:31:46
bf4fe09e5d9aeaba,smoke/alpha,failed,2020-02-11 20:06:17,2020-02-11 20:23:51,1054.3,14,598,310,664,248,7,false,author1@example.com,2020-02-11 20:06:17
593b7dc3ebb62af8,smoke/alpha,passed,2020-02-12 20:14:20,2020-02-12 21:11:56,3456.6,24,178,337,178,155,8,false,author0@example.com,2020-02-12 20:14:20
145768c8fa6afcdc,smoke/alpha,passed,2020-02-14 00:03:35,2020-02-14 00:44:07,2431.9,8,208,75,55,33,3,false,author4@example.com,2020-02-14 00:03:35
eb567ee0dddfbb5f,smoke/alpha,failed,2020-02-15 04:15:24,2020-02-15 04:40:34,1509.6,21,594,99,791,263,6,true,author1@example.com,2020-02-15 04:15:24
179943bce5c9b704,smoke/alpha,failed,2020-02-16 06:07:46,2020-02-16 06:52:57,2710.9,25,114,398,875,122,2,false,author0@example.com,2020-02-16 06:07:46
085bffc28e7da1a7,smoke/alpha,passed,2020-02-17 06:49:06,2020-02-17 06:56:49,463.3,5,480,341,1092,296,9,false,author3@example.com,2020-02-17 06:49:06
7b361c4fdd13acfe,smoke/alpha,passed,2020-02-18 08:10:12,2020-02-18 08:40:44,1832.1,27,566,228,330,253,7,false,author1@example.com,2020-02-18 08:10:12
d75e7877d93dc349,smoke/alpha,passed,2020-02-19 12:14:54,2020-02-19 13:01:41,2806.3,16,646,122,567,235,1,false,author1@example.com,2020-02-19 12:14:54
fce93f485c3eefcc,smoke/alpha,passed,2020-02-20 09:30:33,2020-02-20 10:03:11,1958.3,5,159,118,789,88,3,true,author3@example.com,2020-02-20 09:30:33
25145a264aea607e,smoke/alpha,passed,2020-02-21 08:24:01,2020-02-21 08:49:15,1514.3,7,435,199,45,204,7,true,author2@example.com,2020-02-21 08:24:01
b1f053f488dd011b,smoke/alpha,passed,2020-02-22 05:59:01,2020-02-22 06:52:34,3213.2,27,434,275,1123,122,7,true,author2@example.com,2020-02-22 05:59:01
9594923dac2d6891,smoke/alpha,failed,2020-02-23 05:12:49,2020-02-23 05:33:19,1230.0,22,419,370,343,249,2,true,author3@example.com,2020-02-23 05:12:49
2182decfd0a8369b,smoke/alpha,passed,2020-02-24 06:18:59,2020-02-24 06:24:28,329.7,14,143,236,377,35,4,false,author2@example.com,2020-02-24 06:18:59
2b7d3b3ca30257e2,smoke/alpha,passed,2020-02-25 02:51:23,2020-02-25 03:37:10,2747.6,13,289,385,868,139,1,false,author0@example.com,2020-02-25 02:51:23
a2040da21f09c088,smoke/alpha,failed,2020-02-26 05:50:40,2020-02-26 06:47:49,3428.4,8,670,35,87,25,3,true,author0@example.com,2020-02-26 05:50:40
33dd8bc2c24b5b98,smoke/alpha,passed,2020-02-27 07:18:02,2020-02-27 07:46:43,1720.6,4,582,111,957,141,5,true,author4@example.com,2020-02-27 07:18:02
b21fcb501216922b,smoke/alpha,passed,2020-02-28 08:35:15,2020-02-28 08:42:34,438.9,27,172,159,226,23,4,false,author3@example.com,2020-02-28 08:35:15
67ef6aa265c7cd66,smoke/alpha,passed,2020-02-29 13:53:07,2020-02-29 14:28:50,2143.8,27,647,124,213,164,10,true,author4@example.com,2020-02-29 13:53:07
10103182b74920ab,smoke/alpha,passed,2020-03-01 17:16:37,2020-03-01 17:42:36,1559.3,12,75,259,703,16,6,false,author0@example.com,2020-03-01 17:16:37
459ac178f179afb3,smoke/alpha,passed,2020-03-02 16:28:45,2020-03-02 17:22:18,3212.9,15,729,78,896,100,8,false,author4@example.com,2020-03-02 16:28:45
1d9d042c7542f3a3,smoke/alpha,passed,2020-03-03 20:10:39,2020-03-03 20:39:55,1756.1,14,753,303,554,175,3,true,author2@example.com,2020-03-03 20:10:39
e25ce45a08c49b98,smoke/alpha,passed,2020-03-05 00:45:25,2020-03-05 01:13:34,1689.0,20,689,194,693,24,7,false,author1@example.com,2020-03-05 00:45:25
d6b37da841e37083,smoke/alpha,passed,2020-03-06 00:36:28,2020-03-06 00:52:20,952.3,9,615,359,570,294,0,true,author0@example.com,2020-03-06 00:36:28
d8812d706c0a7606,smoke/alpha,passed,2020-03-06 21:30:14,2020-03-06 22:03:46,2012.0,8,712,243,1010,239,0,true,author2@example.com,2020-03-06 21:30:14
388b34ccf12f53cf,smoke/alpha,passed,2020-03-07 18:09:47,2020-03-07 18:28:30,1123.2,19,382,242,1138,281,5,false,author4@example.com,2020-03-07 18:09:47
757cae5341c1d940,smoke/alpha,passed,2020-03-08 16:07:57,2020-03-08 16:24:34,997.2,9,241,61,399,171,1,true,author1@example.com,2020-03-08 16:07:57
1dc52d2b4f44b31b,smoke/alpha,passed,2020-03-09 12:43:45,2020-03-09 13:27:22,2616.8,25,542,305,584,61,3,false,author1@example.com,2020-03-09 12:43:45
d82b99eb78e9ae69,smoke/alpha,passed,2020-03-10 11:03:35,2020-03-10 11:46:13,2557.6,5,285,23,116,293,4,true,author3@example.com,2020-03-10 11:03:35
243a4810180d430d,smoke/alpha,failed,2020-03-11 06:17:27,2020-03-11 06:34:52,1045.1,16,456,174,382,36,4,false,author0@example.com,2020-03-11 06:17:27
c4a1fbb9bd2189f3,smoke/alpha,passed,2020-03-12 10:09:22,2020-03-12 10:14:17,294.5,21,707,27,315,86,9,false,author0@example.com,2020-03-12 10:09:22
31af2a7e549739fa,smoke/alpha,failed,2020-03-13 16:05:00,2020-03-13 16:50:59,2759.1,20,615,316,467,277,6,false,author3@example.com,2020-03-13 16:05:00
5806ed3680cf3799,smoke/alpha,passed,2020-03-14 13:39:05,2020-03-14 14:05:06,1560.9,19,640,30,208,116,10,true,author2@example.com,2020-03-14 13:39:05
54e5a2780024e470,smoke/alpha,passed,2020-03-15 15:34:36,2020-03-15 15:45:26,650.5,3,165,1,841,240,9,false,author2@example.com,2020-03-15 15:34:36
822fa216d3457d96,smoke/alpha,passed,2020-03-16 09:58:06,2020-03-16 10:15:25,1039.3,28,469,36,483,145,10,true,author3@example.com,2020-03-16 09:58:06
b7992b5a59e50fd2,smoke/alpha,passed,2020-03-17 05:20:44,2020-03-17 05:30:06,561.9,9,150,36,127,94,4,false,author3@example.com,2020-03-17 05:20:44
39f49dbd8e8a6a96,smoke/alpha,passed,2020-03-18 00:50:16,2020-03-18 01:32:24,2528.0,9,517,276,1016,234,1,true,author3@example.com,2020-03-18 00:50:16
e0e74fbdaf555214,smoke/alpha,passed,2020-03-19 03:39:08,2020-03-19 03:41:10,122.3,8,695,294,47,147,9,true,author1@example.com,2020-03-19 03:39:08
363435a489516f34,smoke/alpha,passed,2020-03-20 03:17:54,2020-03-20 04:12:54,3300.4,6,604,223,1012,56,7,false,author3@example.com,2020-03-20 03:17:54
5b394a74d90acff9,smoke/alpha,passed,2020-03-21 01:17:53,2020-03-21 02:09:25,3092.1,11,426,355,1019,157,10,false,author4@example.com,2020-03-21 01:17:53
b3261e8eb041e934,smoke/alpha,failed,2020-03-21 19:44:18,2020-03-21 19:59:49,931.1,4,796,206,1058,10,10,false,author3@example.com,2020-03-21 19:44:18
658176ec4d906161,smoke/alpha,passed,2020-03-22 14:23:20,2020-03-22 15:00:52,2252.8,16,645,226,110,114,4,true,author2@example.com,2020-03-22 14:23:20
a8beb15a4f340fb4,smoke/alpha,passed,2020-03-23 13:38:46,2020-03-23 13:46:30,463.5,21,628,122,329,169,8,true,author4@example.com,2020-03-23 13:38:46
d309ba8d3d2fab52,smoke/alpha,passed,2020-03-24 12:32:31,2020-03-24 13:23:05,3033.8,4,477,60,320,265,4,false,author3@example.com,2020-03-24 12:32:31
8ed8ba7fbda23fab,smoke/alpha,passed,2020-03-25 16:33:31,2020-03-25 16:48:32,900.1,18,153,196,395,270,2,true,author2@example.com,2020-03-25 16:33:31
9d111970a1cb3746,smoke/alpha,passed,2020-03-26 19:49:51,2020-03-26 20:10:34,1243.4,26,524,136,10,154,4,false,author1@example.com,2020-03-26 19:49:51
1424d9f3c50f6913,smoke/alpha,passed,2020-03-27 19:11:22,2020-03-27 19:31:39,1216.8,25,561,193,937,174,3,true,author4@example.com,2020-03-27 19:11:22
694cb11d0d766ace,smoke/alpha,passed,2020-03-28 17:47:06,2020-03-28 18:12:03,1496.5,11,767,242,785,207,10,true,author3@example.com,2020-03-28 17:47:06
f3f30b0c06b270cf,smoke/alpha,failed,2020-03-29 23:21:47,2020-03-30 00:19:43,3476.3,11,107,225,209,279,7,true,author1@example.com,2020-03-29 23:21:47
562bf73d661f9275,smoke/alpha,passed,2020-03-30 22:16:58,2020-03-30 22:26:39,581.1,16,276,173,819,51,5,false,author2@example.com,2020-03-30 22:16:58
fe68c5cea8527ff8,smoke/alpha,passed,2020-03-31 23:48:15,2020-04-01 00:17:47,1772.0,18,41,316,145,130,10,false,author1@example.com,2020-03-31 23:48:15
47f5c6d97c67ff33,smoke/alpha,passed,2020-04-02 02:45:56,2020-04-02 02:52:17,381.4,21,725,51,913,95,4,true,author0@example.com,2020-04-02 02:45:56
18dccfaee4aa6b9c,smoke/alpha,failed,2020-04-03 00:39:29,2020-04-03 01:01:18,1309.7,14,154,125,1092,220,9,true,author1@example.com,2020-04-03 00:39:29
cc4c248554686af0,smoke/alpha,passed,2020-04-03 20:45:32,2020-04-03 21:08:47,1395.7,22,251,254,1199,83,3,false,author2@example.com,2020-04-03 20:45:32
9912629454c202cf,smoke/alpha,passed,2020-04-04 20:16:25,2020-04-04 21:10:24,3239.1,15,299,346,1124,90,1,false,author2@example.com,2020-04-04 20:16:25
40200d0bcd70842e,smoke/alpha,passed,2020-04-06 02:07:32,2020-04-06 03:05:16,3464.4,23,261,233,623,111,6,false,author0@example.com,2020-04-06 02:07:32
cc0708d817d5dea2,smoke/alpha,passed,2020-04-06 22:58:19,2020-04-06 23:33:01,2082.1,23,307,11,815,150,0,true,author4@example.com,2020-04-06 22:58:19
a9a897884d02dd84,smoke/alpha,passed,2020-04-08 01:54:50,2020-04-08 02:49:04,3253.5,25,240,310,726,122,10,true,author4@example.com,2020-04-08 01:54:50
6623d88117ae1ba4,smoke/alpha,passed,2020-04-08 22:55:18,2020-04-08 23:41:27,2769.9,22,145,321,203,30,4,false,author0@example.com,2020-04-08 22:55:18
7ac84e9ecb238c82,smoke/alpha,passed,2020-04-09 23:52:35,2020-04-09 23:58:27,351.8,10,339,382,855,99,3,true,author4@example.com,2020-04-09 23:52:35
328f91cdb522f710,smoke/alpha,passed,2020-04-11 04:23:38,2020-04-11 04:54:00,1821.4,9,173,131,991,161,5,true,author3@example.com,2020-04-11 04:23:38
ec9b0f32ea1a12ca,smoke/alpha,failed,2020-04-12 09:56:55,2020-04-12 10:54:56,3480.4,28,697,370,818,295,5,true,author3@example.com,2020-04-12 09:56:55
124b27a52ca044e6,smoke/alpha,passed,2020-04-13 04:06:56,2020-04-13 04:34:30,1653.6,22,771,344,541,205,10,false,author0@example.com,2020-04-13 04:06:56
86fa682b94896d12,smoke/alpha,passed,2020-04-14 06:12:49,2020-04-14 06:50:11,2241.8,18,340,312,458,42,10,false,author2@example.com,2020-04-14 06:12:49
4cd21ccd94c40d38,smoke/alpha,failed,2020-04-15 08:00:17,2020-04-15 08:03:28,191.9,2,316,252,242,59,3,true,author3@example.com,2020-04-15 08:00:17
da743f2df8581958,smoke/alpha,passed,2020-04-16 07:26:54,2020-04-16 08:11:37,2683.0,18,434,300,321,222,10,true,author3@example.com,2020-04-16 07:26:54
3dafd7aca7f89702,smoke/alpha,passed,2020-04-17 08:50:10,2020-04-17 09:07:19,1028.7,23,384,111,913,237,3,false,author0@example.com,2020-04-17 08:50:10
d49d2e16673f8134,smoke/alpha,passed,2020-04-18 14:36:26,2020-04-18 15:30:35,3249.1,21,372,31,820,151,3,true,author3@example.com,2020-04-18 14:36:26
5216e364e710e0bb,smoke/alpha,passed,2020-04-19 09:42:27,2020-04-19 10:21:00,2313.0,1,56,170,503,74,9,true,author0@example.com,2020-04-19 09:42:27
024b036b603d2d85,smoke/alpha,passed,2020-04-20 13:39:55,2020-04-20 14:15:18,2123.4,27,243,168,307,11,4,true,author1@example.com,2020-04-20 13:39:55
4f79cfdb3d829a5a,smoke/alpha,passed,2020-04-21 14:08:52,2020-04-21 14:15:54,422.4,28,31,67,35,193,3,false,author0@example.com,2020-04-21 14:08:52
966c2365e41d5a1a,smoke/alpha,failed,2020-04-22 10:14:19,2020-04-22 10:58:57,2677.9,17,121,381,135,253,7,false,author4@example.com,2020-04-22 10:14:19
6566a1972a03c8cb,smoke/alpha,passed,2020-04-23 11:21:46,2020-04-23 11:35:27,820.9,20,49,372,1072,164,7,true,author0@example.com,2020-04-23 11:21:46
8c65c680026f94fb,smoke/alpha,passed,2020-04-24 17:20:45,2020-04-24 17:46:37,1551.8,4,507,364,913,47,1,false,author4@example.com,2020-04-24 17:20:45
2abe4a13825aebd0,smoke/alpha,failed,2020-04-25 13:07:33,2020-04-25 13:45:12,2258.8,19,566,364,670,205,9,false,author3@example.com,2020-04-25 13:07:33
a2c7376db824a443,smoke/alpha,passed,2020-04-26 13:11:33,2020-04-26 13:59:14,2861.4,4,675,333,1134,120,6,false,author1@example.com,2020-04-26 13:11:33
e095e2cda2cfadd7,smoke/alpha,passed,2020-04-27 12:09:29,2020-04-27 12:33:43,1453.5,24,102,160,879,170,10,false,author2@example.com,2020-04-27 12:09:29
74e4c7dbed36e039,smoke/alpha,passed,2020-04-28 17:36:04,2020-04-28 18:04:48,1723.1,3,92,47,889,59,5,true,author4@example.com,2020-04-28 17:36:04
86c2b2e72bc16492,smoke/alpha,passed,2020-04-29 12:19:16,2020-04-29 12:53:11,2035.2,22,130,210,729,226,0,false,author4@example.com,2020-04-29 12:19:16
48af02bedf5ca1d0,smoke/alpha,failed,2020-04-30 10:04:13,2020-04-30 10:34:55,1841.5,5,677,246,464,65,5,false,author0@example.com,2020-04-30 10:04:13
8825faf910e90d0b,smoke/alpha,passed,2020-05-01 13:13:18,2020-05-01 14:01:50,2911.8,28,579,392,1145,23,9,false,author0@example.com,2020-05-01 13:13:18
b23a19b9a366f1e3,smoke/alpha,passed,2020-05-02 09:23:12,2020-05-02 09:42:05,1133.1,11,364,3,376,83,9,false,author0@example.com,2020-05-02 09:23:12
56ab98d8568ba114,smoke/alpha,passed,2020-05-03 05:05:21,2020-05-03 05:07:40,139.4,24,548,110,775,224,7,false,author1@example.com,2020-05-03 05:05:21
ac2b267ac3bcedb7,smoke/alpha,passed,2020-05-04 03:31:47,2020-05-04 04:18:31,2803.3,19,615,43,112,89,2,true,author0@example.com,2020-05-04 03:31:47
c96ad1cd3c0946ab,smoke/alpha,passed,2020-05-05 00:47:42,2020-05-05 01:17:06,1763.8,15,429,139,446,272,1,false,author3@example.com,2020-05-05 00:47:42
0dc9168ad444bdd0,smoke/alpha,passed,2020-05-05 20:07:33,2020-05-05 20:43:20,2147.5,17,688,157,98,122,6,true,author0@example.com,2020-05-05 20:07:33
ace7c5fafc9e1867,smoke/alpha,passed,2020-05-06 16:34:44,2020-05-06 17:20:53,2769.4,25,266,148,676,71,0,false,author3@example.com,2020-05-06 16:34:44
98e7fb07d0187497,smoke/alpha,passed,2020-05-07 12:41:14,2020-05-07 13:23:36,2542.1,17,577,342,730,46,6,true,author3@example.com,2020-05-07 12:41:14
9d28b5fddbc62ee5,smoke/alpha,passed,2020-05-08 06:54:43,2020-05-08 07:46:31,3107.7,19,444,293,833,223,4,true,author3@example.com,2020-05-08 06:54:43
354717965626f14a,smoke/alpha,passed,2020-05-09 01:09:44,2020-05-09 01:57:55,2890.7,20,476,353,746,55,6,true,author1@example.com,2020-05-09 01:09:44
91462ecacd5b0cec,smoke/alpha,passed,2020-05-10 00:23:26,2020-05-10 00:28:36,310.8,28,322,381,700,123,5,true,author0@example.com,2020-05-10 00:23:26
ba34e8561ee56ffd,smoke/alpha,failed,2020-05-11 00:30:58,2020-05-11 01:01:49,1850.5,29,799,178,724,85,3,true,author1@example.com,2020-05-11 00:30:58
e1f048be20b48dd4,smoke/alpha,passed,2020-05-11 21:35:16,2020-05-11 21:44:52,575.7,25,676,38,367,262,7,false,author4@example.com,2020-05-11 21:35:16
30c966f85032e2b6,smoke/alpha,passed,2020-05-12 23:18:13,2020-05-12 23:37:57,1183.9,21,328,77,905,44,7,false,author2@example.com,2020-05-12 23:18:13
1b4f62a6081d2e17,smoke/alpha,passed,2020-05-14 02:51:35,2020-05-14 03:13:01,1286.4,3,322,236,930,29,0,false,author2@example.com,2020-05-14 02:51:35
086e3776cbcf2b4d,smoke/alpha,passed,2020-05-14 21:46:50,2020-05-14 22:38:13,3083.4,20,613,259,792,246,9,true,author3@example.com,2020-05-14 21:46:50
7ee6e67c5372807d,smoke/alpha,passed,2020-05-16 02:41:21,2020-05-16 02:53:03,702.0,20,492,256,313,41,7,true,author2@example.com,2020-05-16 02:41:21
a3d7e9e7ff11fb7d,smoke/alpha,failed,2020-05-17 08:28:40,2020-05-17 09:07:36,2336.7,2,258,362,901,234,8,true,author2@example.com,2020-05-17 08:28:40
2e36e00ec4d0ef12,smoke/alpha,passed,2020-05-18 06:57:07,2020-05-18 07:21:56,1489.3,11,700,306,112,181,1,false,author0@example.com,2020-05-18 06:57:07
8d63ff716711aef1,smoke/alpha,passed,2020-05-19 07:38:51,2020-05-19 07:54:21,929.6,28,677,308,312,180,1,true,author2@example.com,2020-05-19 07:38:51
39cd450cd2219857,smoke/alpha,passed,2020-05-20 05:22:13,2020-05-20 06:02:07,2393.8,5,614,362,178,168,8,false,author2@example.com,2020-05-20 05:22:13
9583e48be42ab044,smoke/alpha,passed,2020-05-21 09:07:43,2020-05-21 09:57:32,2989.4,24,706,269,196,226,8,false,author0@example.com,2020-05-21 09:07:43
831e954b498548aa,smoke/alpha,passed,2020-05-22 07:28:47,2020-05-22 07:42:01,794.7,25,502,98,468,80,2,true,author2@example.com,2020-05-22 07:28:47
a9f85cde1f090c9e,smoke/alpha,failed,2020-05-23 11:36:46,2020-05-23 12:23:08,2782.0,27,761,269,82,182,9,true,author4@example.com,2020-05-23 11:36:46
725bd5792479a8e5,smoke/alpha,passed,2020-05-24 10:08:00,2020-05-24 10:57:58,2997.9,25,644,84,901,32,6,false,author1@example.com,2020-05-24 10:08:00
b1238dd25228dbcf,smoke/alpha,passed,2020-05-25 15:46:07,2020-05-25 16:31:23,2716.0,26,464,119,1098,132,4,false,author1@example.com,2020-05-25 15:46:07
81b51b21e2a017b2,smoke/alpha,passed,2020-05-26 14:10:57,2020-05-26 15:10:02,3544.5,15,792,144,787,267,8,false,author1@example.com,2020-05-26 14:10:57
ddfbd3cb2267f58d,smoke/alpha,passed,2020-05-27 17:59:07,2020-05-27 18:07:51,524.1,9,58,328,989,200,8,true,author4@example.com,2020-05-27 17:59:07
2509e29e725d9d7c,smoke/alpha,passed,2020-05-28 22:11:57,2020-05-28 22:57:52,2754.3,9,465,262,306,233,1,true,author3@example.com,2020-05-28 22:11:57
42173e056a20c152,smoke/alpha,passed,2020-05-30 02:48:53,2020-05-30 03:14:05,1511.2,13,519,191,487,207,1,false,author1@example.com,2020-05-30 02:48:53
ddaaaa75dd00c1a9,smoke/alpha,passed,2020-05-30 21:09:11,2020-05-30 21:59:37,3025.9,21,348,74,286,29,4,false,author1@example.com,2020-05-30 21:09:11
4dc6b20cb2716eb3,smoke/alpha,passed,2020-06-01 00:15:33,2020-06-01 00:52:40,2226.8,29,86,9,529,120,2,false,author0@example.com,2020-06-01 00:15:33
151d682dd44826db,smoke/alpha,passed,2020-06-02 03:34:24,2020-06-02 03:42:09,465.0,8,434,327,941,42,1,false,author4@example.com,2020-06-02 03:34:24
6c4720331a1c748c,smoke/alpha,passed,2020-06-03 04:00:21,2020-06-03 04:35:04,2082.9,23,152,149,884,10,9,false,author1@example.com,2020-06-03 04:00:21
61ba9ef497097f74,smoke/alpha,passed,2020-06-04 04:51:14,2020-06-04 05:31:29,2415.5,17,374,34,1082,288,8,true,author3@example.com,2020-06-04 04:51:14
e78f64583aaf7ca0,smoke/alpha,failed,2020-06-05 09:20:02,2020-06-05 09:43:33,1411.2,12,264,382,38,192,1,false,author1@example.com,2020-06-05 09:20:02
17b48e793b47b89a,smoke/alpha,passed,2020-06-06 12:07:45,2020-06-06 12:54:09,2784.3,24,779,170,278,32,5,false,author1@example.com,2020-06-06 12:07:45
1814f4f2f395a9bf,smoke/alpha,passed,2020-06-07 16:05:37,2020-06-07 17:04:29,3531.5,16,651,93,281,42,7,true,author2@example.com,2020-06-07 16:05:37
1c685a2afc063af2,smoke/alpha,passed,2020-06-08 12:30:46,2020-06-08 13:23:58,3192.3,11,322,263,820,288,7,false,author0@example.com,2020-06-08 12:30:46
f39f055110ae167c,smoke/alpha,passed,2020-06-09 15:33:08,2020-06-09 15:54:53,1304.4,25,53,335,684,149,1,false,author3@example.com,2020-06-09 15:33:08
300bff57c10c3869,smoke/alpha,passed,2020-06-10 20:13:34,2020-06-10 21:07:18,3223.9,13,352,95,1021,264,5,false,author0@example.com,2020-06-10 20:13:34
21271f3d5c18e858,smoke/alpha,failed,2020-06-11 22:57:04,2020-06-11 23:33:25,2180.8,27,189,279,606,174,1,true,author2@example.com,2020-06-11 22:57:04
af8582d4336c44be,smoke/alpha,passed,2020-06-13 00:52:56,2020-06-13 01:29:17,2181.4,14,175,353,914,189,7,true,author2@example.com,2020-06-13 00:52:56
8f21f62e13e6518b,smoke/alpha,passed,2020-06-14 02:15:37,2020-06-14 02:54:10,2312.9,26,63,38,836,196,8,true,author0@example.com,2020-06-14 02:15:37
92c9972faa61ef9f,smoke/alpha,passed,2020-06-14 21:58:25,2020-06-14 22:45:25,2819.3,2,134,34,488,197,5,false,author4@example.com,2020-06-14 21:58:25
d0b4436b4026f027,smoke/alpha,passed,2020-06-15 16:21:44,2020-06-15 16:49:01,1636.2,12,385,227,162,80,8,false,author3@example.com,2020-06-15 16:21:44
cd32bd64d4fe6630,smoke/alpha,passed,2020-06-16 14:08:06,2020-06-16 15:05:45,3459.1,1,758,95,1027,275,6,true,author2@example.com,2020-06-16 14:08:06
69602232c6508806,smoke/alpha,passed,2020-06-17 17:26:04,2020-06-17 17:39:20,796.0,20,297,355,1010,112,1,true,author0@example.com,2020-06-17 17:26:04
1ba7c1b72f7917d7,smoke/alpha,passed,2020-06-18 16:51:33,2020-06-18 17:18:32,1619.0,3,703,163,716,43,8,false,author2@example.com,2020-06-18 16:51:33
f0c20df2f2512691,smoke/alpha,passed,2020-06-19 21:04:31,2020-06-19 22:00:12,3340.5,21,183,185,1046,124,1,true,author1@example.com,2020-06-19 21:04:31
a5b4c68fcad971f4,smoke/alpha,passed,2020-06-20 17:54:58,2020-06-20 18:16:57,1318.4,19,382,239,1134,76,9,true,author0@example.com,2020-06-20 17:54:58
0afafd4bdf424152,smoke/alpha,passed,2020-06-21 15:37:40,2020-06-21 16:20:56,2596.4,17,425,393,843,47,2,false,author0@example.com,2020-06-21 15:37:40
de028efc9bebba7a,smoke/alpha,passed,2020-06-22 15:01:39,2020-06-22 15:22:39,1259.9,29,569,327,377,76,6,true,author0@example.com,2020-06-22 15:01:39
0f3bb536844cfb74,smoke/alpha,passed,2020-06-23 15:14:41,2020-06-23 15:24:49,608.2,30,731,115,713,275,4,true,author2@example.com,2020-06-23 15:14:41
3434e98a397a9cd2,smoke/alpha,passed,2020-06-24 11:36:01,2020-06-24 11:52:51,1009.8,21,315,314,1097,57,8,true,author4@example.com,2020-06-24 11:36:01
d688a2f5e70bae9b,smoke/alpha,passed,2020-06-25 16:53:58,2020-06-25 17:33:40,2381.7,24,624,172,1159,31,0,true,author0@example.com,2020-06-25 16:53:58
9c4b0b3e074402cf,smoke/alpha,passed,2020-06-26 22:16:56,2020-06-26 22:33:10,974.8,7,790,292,858,25,7,false,author2@example.com,2020-06-26 22:16:56
43683fad04743bbf,smoke/alpha,passed,2020-06-27 22:04:39,2020-06-27 22:45:54,2475.4,10,469,37,127,90,7,false,author3@example.com,2020-06-27 22:04:39
b756420cb1350f62,smoke/alpha,passed,2020-06-28 21:39:03,2020-06-28 21:48:06,542.9,28,740,163,712,214,2,false,author4@example.com,2020-06-28 21:39:03
0c98dd46358fbd1c,smoke/alpha,passed,2020-06-29 22:23:26,2020-06-29 22:51:41,1695.3,9,465,126,293,59,0,false,author3@example.com,2020-06-29 22:23:26
89a353d334280f29,smoke/alpha,passed,2020-07-01 02:45:38,2020-07-01 03:43:25,3466.8,29,168,167,1188,170,3,true,author3@example.com,2020-07-01 02:45:38
a86858371b9d06bc,smoke/alpha,passed,2020-07-02 08:42:44,2020-07-02 09:35:32,3168.3,16,28,46,810,268,7,true,author1@example.com,2020-07-02 08:42:44
82367eefbde95b07,smoke/alpha,failed,2020-07-03 09:42:44,2020-07-03 09:59:59,1034.4,20,674,344,968,156,8,true,author0@example.com,2020-07-03 09:42:44
03db3d3749aa35f7,smoke/alpha,passed,2020-07-04 08:53:00,2020-07-04 09:36:48,2627.2,25,417,187,97,215,0,true,author2@example.com,2020-07-04 08:53:00
37937ad384dda892,smoke/alpha,failed,2020-07-05 09:31:20,2020-07-05 10:01:50,1830.2,25,568,143,248,75,1,false,author2@example.com,2020-07-05 09:31:20
fe0e8934561e4217,smoke/alpha,passed,2020-07-06 13:03:39,2020-07-06 14:00:01,3382.0,25,152,101,1047,215,8,true,author0@example.com,2020-07-06 13:03:39
66f81622ab4a6155,smoke/alpha,passed,2020-07-07 07:31:40,2020-07-07 08:20:00,2900.2,17,472,76,1060,81,5,false,author1@example.com,2020-07-07 07:31:40
f466b50004a2c270,smoke/alpha,passed,2020-07-08 06:14:36,2020-07-08 07:05:14,3038.1,19,349,259,1048,282,7,false,author3@example.com,2020-07-08 06:14:36
2621fd10a4d8b73c,smoke/alpha,passed,2020-07-09 10:01:56,2020-07-09 10:42:32,2435.5,14,602,157,59,252,4,true,author0@example.com,2020-07-09 10:01:56
3b72854ac3eb2137,smoke/alpha,passed,2020-07-10 11:02:04,2020-07-10 11:40:00,2275.6,20,798,194,307,134,0,true,author1@example.com,2020-07-10 11:02:04
47fe95f719c34d84,smoke/alpha,passed,2020-07-11 05:15:43,2020-07-11 05:25:13,570.6,23,213,210,1032,251,0,true,author4@example.com,2020-07-11 05:15:43
0ba18719efb6ffdb,smoke/alpha,passed,2020-07-12 01:45:00,2020-07-12 02:24:54,2394.1,17,390,160,359,245,8,false,author4@example.com,2020-07-12 01:45:00
d221d4738b60e24e,smoke/alpha,passed,2020-07-13 00:00:05,2020-07-13 00:43:29,2603.7,21,714,135,996,108,3,false,author4@example.com,2020-07-13 00:00:05
e0c370a69cab5f67,smoke/alpha,passed,2020-07-13 21:35:00,2020-07-13 22:33:57,3536.7,25,300,360,429,260,5,false,author2@example.com,2020-07-13 21:35:00
1ff60951a9deaf7f,smoke/alpha,passed,2020-07-14 22:18:33,2020-07-14 23:01:59,2606.3,10,129,293,1117,204,6,false,author1@example.com,2020-07-14 22:18:33
3baf7de3f5b7f34e,smoke/alpha,passed,2020-07-15 19:47:41,2020-07-15 20:30:40,2579.5,12,457,335,530,255,3,true,author4@example.com,2020-07-15 19:47:41
61e4081e971e1dac,smoke/alpha,passed,2020-07-16 17:02:54,2020-07-16 17:19:33,999.7,4,635,379,495,134,0,true,author1@example.com,2020-07-16 17:02:54
18edf3a76991901d,smoke/alpha,passed,2020-07-17 11:40:41,2020-07-17 12:23:52,2591.0,4,702,394,286,12,8,true,author3@example.com,2020-07-17 11:40:41
35109aae62bc54f3,smoke/alpha,passed,2020-07-18 13:30:46,2020-07-18 13:59:34,1728.2,21,209,387,593,174,4,true,author0@example.com,2020-07-18 13:30:46
a1a53500548fe3fd,smoke/alpha,passed,2020-07-19 15:20:26,2020-07-19 16:04:53,2667.1,28,43,89,860,100,0,false,author3@example.com,2020-07-19 15:20:26
2df85d82fdef74d4,smoke/alpha,passed,2020-07-20 11:34:34,2020-07-20 12:26:58,3144.1,10,43,4,616,300,9,true,author2@example.com,2020-07-20 11:34:34
e5698e12a11b0ff6,smoke/alpha,passed,2020-07-21 08:59:27,2020-07-21 09:32:17,1969.6,16,142,258,963,149,3,true,author2@example.com,2020-07-21 08:59:27
6f65016607c86d29,smoke/alpha,passed,2020-07-22 04:56:27,2020-07-22 05:12:15,948.4,6,19,377,695,161,9,true,author1@example.com,2020-07-22 04:56:27
daca6cf55b6258c1,smoke/alpha,passed,2020-07-23 06:16:20,2020-07-23 06:40:58,1477.6,14,532,167,182,215,10,true,author1@example.com,2020-07-23 06:16:20
51d162e3a64bd83c,smoke/alpha,passed,2020-07-24 12:03:09,2020-07-24 12:59:20,3370.9,1,272,196,487,238,4,false,author2@example.com,2020-07-24 12:03:09
bae81684b2d6b48f,smoke/alpha,passed,2020-07-25 13:02:31,2020-07-25 13:18:35,963.7,12,714,120,132,70,7,false,author1@example.com,2020-07-25 13:02:31
3ac93a2361e2aa7c,smoke/alpha,passed,2020-07-26 11:54:25,2020-07-26 12:48:11,3225.6,23,793,159,245,161,5,true,author1@example.com,2020-07-26 11:54:25
eec6f322ef424169,smoke/alpha,passed,2020-07-27 17:23:43,2020-07-27 17:51:18,1654.3,20,387,212,1129,251,8,true,author1@example.com,2020-07-27 17:23:43
bff7cda3718bfe73,smoke/alpha,passed,2020-07-28 19:33:34,2020-07-28 20:20:55,2840.9,17,462,270,745,49,9,true,author0@example.com,2020-07-28 19:33:34
35f7cf20fe606ac3,smoke/alpha,passed,2020-07-29 23:30:17,2020-07-29 23:42:49,751.7,18,158,84,676,276,7,true,author1@example.com,2020-07-29 23:30:17
d9eaee23e8edcbbd,smoke/alpha,passed,2020-07-31 02:06:28,2020-07-31 03:00:27,3239.0,15,61,232,275,272,6,false,author4@example.com,2020-07-31 02:06:28
0a697f82f5421cb9,smoke/alpha,passed,2020-07-31 20:48:02,2020-07-31 21:36:33,2910.7,24,27,202,526,11,3,true,author0@example.com,2020-07-31 20:48:02
fd0b0af1b2f39bef,smoke/alpha,passed,2020-08-01 19:53:06,2020-08-01 20:25:48,1962.0,2,75,241,69,156,6,true,author1@example.com,2020-08-01 19:53:06
4d4149b3ddacc57b,smoke/alpha,passed,2020-08-02 23:04:30,2020-08-02 23:43:25,2335.8,14,388,195,923,203,6,true,author4@example.com,2020-08-02 23:04:30
468da53ef6ed61c8,smoke/alpha,passed,2020-08-03 18:40:15,2020-08-03 18:47:48,453.5,18,407,270,265,124,0,true,author2@example.com,2020-08-03 18:40:15
ff24315223872ae9,smoke/alpha,passed,2020-08-04 18:13:37,2020-08-04 18:39:21,1544.1,13,240,126,948,187,2,false,author1@example.com,2020-08-04 18:13:37
072c8611517bd12b,smoke/alpha,passed,2020-08-05 23:28:33,2020-08-05 23:35:46,432.9,26,681,214,37,133,3,true,author0@example.com,2020-08-05 23:28:33
b87bcf5fc2180f0b,smoke/alpha,passed,2020-08-07 00:36:11,2020-08-07 01:16:40,2429.1,28,54,125,95,215,7,true,author4@example.com,2020-08-07 00:36:11
bed4b2a394b01bc1,smoke/alpha,passed,2020-08-07 21:12:37,2020-08-07 21:16:29,231.5,17,301,119,1184,173,9,false,author1@example.com,2020-08-07 21:12:37
36ef47553ca87d0a,smoke/alpha,failed,2020-08-08 18:49:53,2020-08-08 19:29:40,2387.0,8,428,153,568,41,8,true,author3@example.com,2020-08-08 18:49:53
3af6fa0154e61b9b,smoke/alpha,failed,2020-08-09 19:30:06,2020-08-09 19:51:06,1259.6,21,692,195,1079,173,6,false,author1@example.com,2020-08-09 19:30:06
46da0c71cda3d6bb,smoke/alpha,passed,2020-08-10 17:06:01,2020-08-10 17:38:32,1950.4,8,235,153,300,247,0,false,author3@example.com,2020-08-10 17:06:01
e9ebf369475bfaca,smoke/alpha,failed,2020-08-11 17:47:16,2020-08-11 18:02:13,897.0,7,343,331,166,240,5,true,author4@example.com,2020-08-11 17:47:16
82f1789bd73c2c1d,smoke/alpha,passed,2020-08-12 20:28:58,2020-08-12 20:45:27,988.4,22,624,308,85,47,3,true,author3@example.com,2020-08-12 20:28:58
9f9c244608991941,smoke/alpha,passed,2020-08-13 16:59:22,2020-08-13 17:17:55,1112.4,30,20,108,394,70,7,true,author4@example.com,2020-08-13 16:59:22
0feb739d40317e56,smoke/alpha,passed,2020-08-14 19:26:05,2020-08-14 19:40:49,884.4,11,799,144,784,248,8,false,author2@example.com,2020-08-14 19:26:05
4074097ddd93a371,smoke/alpha,passed,2020-08-15 16:34:24,2020-08-15 17:04:30,1805.3,4,744,240,660,114,5,false,author3@example.com,2020-08-15 16:34:24
bad665c8afc37dd3,smoke/alpha,passed,2020-08-16 11:07:19,2020-08-16 11:51:56,2676.3,1,272,283,1191,223,4,true,author1@example.com,2020-08-16 11:07:19
9089232a276f7068,smoke/alpha,passed,2020-08-17 09:04:50,2020-08-17 09:54:55,3005.1,16,568,335,696,141,7,false,author3@example.com,2020-08-17 09:04:50
4d497e7ae8d04918,smoke/alpha,passed,2020-08-18 05:05:57,2020-08-18 05:16:31,634.3,24,564,250,381,287,10,true,author4@example.com,2020-08-18 05:05:57
ba1df8b2ee1d975d,smoke/alpha,passed,2020-08-18 23:30:18,2020-08-19 00:27:03,3404.3,22,54,391,18,221,2,true,author0@example.com,2020-08-18 23:30:18
bd1535f7b3ea575a,smoke/alpha,failed,2020-08-20 01:59:28,2020-08-20 02:30:04,1835.5,12,66,316,994,259,0,true,author4@example.com,2020-08-20 01:59:28
7e7be7bdefd45e50,smoke/alpha,failed,2020-08-21 02:36:39,2020-08-21 03:08:39,1920.0,9,553,146,40,267,10,false,author1@example.com,2020-08-21 02:36:39
ff68ee5b83fca2ff,smoke/alpha,failed,2020-08-21 21:53:42,2020-08-21 22:03:04,561.6,7,639,269,521,191,4,false,author0@example.com,2020-08-21 21:53:42
a3b9eed0f5b62edc,smoke/alpha,passed,2020-08-22 20:22:18,2020-08-22 20:56:25,2047.1,23,236,153,170,26,1,false,author3@example.com,2020-08-22 20:22:18
5e6a5120c6e8b779,smoke/alpha,passed,2020-08-23 18:53:52,2020-08-23 19:32:15,2303.2,23,180,42,1028,232,10,false,author4@example.com,2020-08-23 18:53:52
c46f67ae0debcb36,smoke/alpha,passed,2020-08-25 00:37:32,2020-08-25 01:31:17,3224.4,30,48,117,437,300,7,false,author0@example.com,2020-08-25 00:37:32
cb8fedbd7d31b457,smoke/alpha,passed,2020-08-26 05:42:56,2020-08-26 06:00:07,1030.9,18,582,336,72,101,5,true,author1@example.com,2020-08-26 05:42:56
456e3c649ea9f74d,smoke/alpha,passed,2020-08-27 06:45:36,2020-08-27 07:28:30,2574.4,13,83,153,337,298,3,false,author4@example.com,2020-08-27 06:45:36
e2b606da286e2ba1,smoke/alpha,passed,2020-08-28 04:44:27,2020-08-28 04:53:16,529.6,23,746,40,1030,187,0,true,author3@example.com,2020-08-28 04:44:27
4cb06a007798bcf5,smoke/alpha,failed,2020-08-29 01:31:35,2020-08-29 02:08:06,2190.5,20,614,203,673,25,10,false,author3@example.com,2020-08-29 01:31:35
a472ba4691f36c3d,smoke/alpha,passed,2020-08-30 01:24:49,2020-08-30 02:21:19,3389.9,14,195,348,783,53,9,false,author1@example.com,2020-08-30 01:24:49
d106814eb049c185,smoke/alpha,failed,2020-08-31 03:58:16,2020-08-31 04:07:56,580.6,23,654,78,802,172,5,true,author0@example.com,2020-08-31 03:58:16
b8740c59bd32a1bd,smoke/alpha,passed,2020-08-31 22:02:00,2020-08-31 22:23:55,1314.9,9,109,67,183,105,6,false,author4@example.com,2020-08-31 22:02:00
fb00d1fbb92a68ac,smoke/alpha,passed,2020-09-01 22:41:25,2020-09-01 22:43:29,123.8,12,572,47,669,207,0,false,author3@example.com,2020-09-01 22:41:25
752c67f46be081db,smoke/alpha,failed,2020-09-02 21:20:38,2020-09-02 22:14:45,3247.1,29,253,292,1072,96,10,false,author1@example.com,2020-09-02 21:20:38
516d8d28cc89f39d,smoke/alpha,passed,2020-09-03 17:00:36,2020-09-03 17:30:26,1790.5,3,176,222,570,225,4,false,author0@example.com,2020-09-03 17:00:36
ac9c0d75f67ed079,smoke/alpha,passed,2020-09-04 15:20:36,2020-09-04 16:04:00,2603.6,16,613,315,405,244,1,true,author2@example.com,2020-09-04 15:20:36
c07c083f2ba420d5,smoke/alpha,passed,2020-09-05 09:25:29,2020-09-05 10:16:03,3034.6,13,342,225,690,230,10,true,author2@example.com,2020-09-05 09:25:29
0193f4c5a416b9ef,smoke/alpha,passed,2020-09-06 07:16:21,2020-09-06 07:28:49,747.0,11,186,203,658,159,10,false,author4@example.com,2020-09-06 07:16:21
9fb14a1ee732267e,smoke/alpha,passed,2020-09-07 10:39:23,2020-09-07 10:56:33,1030.7,26,407,186,238,298,3,true,author4@example.com,2020-09-07 10:39:23
98ff00ce6bf8d045,smoke/alpha,passed,2020-09-08 04:58:46,2020-09-08 05:55:22,3396.4,7,453,149,146,219,10,false,author1@example.com,2020-09-08 04:58:46
6a5c10227f8b5352,smoke/alpha,passed,2020-09-09 06:34:46,2020-09-09 07:14:27,2381.4,23,438,193,156,239,9,false,author4@example.com,2020-09-09 06:34:46
d270c07fea18b6e4,smoke/alpha,passed,2020-09-10 05:23:20,2020-09-10 06:18:36,3315.8,23,433,278,80,194,8,true,author0@example.com,2020-09-10 05:23:20
7cc21fee52cb5ff6,smoke/alpha,passed,2020-09-11 08:36:59,2020-09-11 08:58:37,1297.4,21,632,22,1158,214,5,false,author0@example.com,2020-09-11 08:36:59
fe5d1ab8dbd0d4a5,smoke/alpha,passed,2020-09-12 02:44:35,2020-09-12 03:15:28,1853.1,17,576,297,1183,123,7,false,author3@example.com,2020-09-12 02:44:35
cf2965d663559042,smoke/alpha,passed,2020-09-13 02:17:59,2020-09-13 02:59:34,2494.9,5,358,12,993,63,4,false,author0@example.com,2020-09-13 02:17:59
05de73cc56938a0b,smoke/alpha,passed,2020-09-13 21:41:33,2020-09-13 21:50:29,535.8,10,356,233,428,276,7,false,author3@example.com,2020-09-13 21:41:33
017571bca4dc2b70,smoke/alpha,passed,2020-09-14 16:51:51,2020-09-14 17:19:16,1645.2,3,312,22,240,21,5,true,author1@example.com,2020-09-14 16:51:51
939cc655c88665d2,smoke/alpha,passed,2020-09-15 22:01:23,2020-09-15 22:32:36,1872.1,18,168,169,1151,228,7,true,author3@example.com,2020-09-15 22:01:23
670778416e6f9c78,smoke/alpha,passed,2020-09-16 23:34:49,2020-09-17 00:14:26,2376.6,13,34,377,409,240,9,false,author3@example.com,2020-09-16 23:34:49
b08fc3dd8ee684af,smoke/alpha,passed,2020-09-17 17:38:01,2020-09-17 17:55:05,1023.7,23,69,295,213,284,2,false,author2@example.com,2020-09-17 17:38:01
f4ff78388e4982cc,smoke/alpha,failed,2020-09-18 13:59:55,2020-09-18 14:40:19,2424.4,16,545,327,646,208,9,false,author4@example.com,2020-09-18 13:59:55
2d1c880cc6669fd5,smoke/alpha,passed,2020-09-19 09:22:10,2020-09-19 09:49:54,1664.6,6,694,361,614,53,10,true,author2@example.com,2020-09-19 09:22:10
69f565ff48e706fc,smoke/alpha,passed,2020-09-20 04:47:01,2020-09-20 04:58:25,683.5,23,149,261,800,224,9,true,author4@example.com,2020-09-20 04:47:01
4ea687d694038f9e,smoke/alpha,passed,2020-09-21 03:23:18,2020-09-21 04:01:36,2298.7,23,665,88,1141,95,7,false,author1@example.com,2020-09-21 03:23:18
22e4b55bed1c7fe8,smoke/alpha,passed,2020-09-21 23:38:00,2020-09-22 00:15:22,2241.3,28,372,4,997,79,3,false,author4@example.com,2020-09-21 23:38:00
de37f7bc8f70f051,smoke/alpha,passed,2020-09-22 23:41:55,2020-09-23 00:23:10,2474.4,14,732,227,1005,95,1,true,author1@example.com,2020-09-22 23:41:55
0a0e1d8eb08ff748,smoke/alpha,passed,2020-09-23 21:12:13,2020-09-23 21:44:43,1949.3,6,473,289,1019,291,8,true,author4@example.com,2020-09-23 21:12:13
194213b33b86611c,smoke/alpha,passed,2020-09-24 16:34:27,2020-09-24 17:23:56,2969.1,12,560,387,90,235,8,true,author3@example.com,2020-09-24 16:34:27
c3367c4c33d2a346,smoke/alpha,passed,2020-09-25 11:48:12,2020-09-25 12:33:24,2712.3,10,38,230,543,188,1,false,author0@example.com,2020-09-25 11:48:12
ab3c993a41566ef5,smoke/alpha,passed,2020-09-26 15:06:39,2020-09-26 15:55:23,2924.2,19,710,179,881,94,9,true,author1@example.com,2020-09-26 15:06:39
507c0d3a3d1cf583,smoke/alpha,passed,2020-09-27 18:52:23,2020-09-27 19:26:49,2065.2,18,292,305,1108,96,5,false,author2@example.com,2020-09-27 18:52:23
259d48fd344270c1,smoke/alpha,passed,2020-09-28 19:44:46,2020-09-28 20:15:52,1866.5,29,700,48,282,220,0,false,author1@example.com,2020-09-28 19:44:46
0acf08e393ca8601,smoke/alpha,failed,2020-09-29 22:09:47,2020-09-29 22:18:59,552.1,11,258,389,809,260,2,false,author3@example.com,2020-09-29 22:09:47
f8457766a225677e,smoke/alpha,failed,2020-09-30 20:39:55,2020-09-30 21:27:41,2866.7,25,100,206,1060,152,5,false,author3@example.com,2020-09-30 20:39:55
d5628505973b8789,smoke/alpha,failed,2020-10-01 18:35:34,2020-10-01 19:22:07,2793.7,24,100,374,943,193,1,false,author1@example.com,2020-10-01 18:35:34
780b865aaddaffa3,smoke/alpha,passed,2020-10-03 00:12:37,2020-10-03 00:42:33,1796.1,11,295,172,1125,76,9,false,author2@example.com,2020-10-03 00:12:37
6ac54e7addc9a95a,smoke/alpha,passed,2020-10-04 04:56:24,2020-10-04 04:59:38,194.0,21,475,8,259,90,7,false,author0@example.com,2020-10-04 04:56:24
77818dd854d85cd2,smoke/alpha,passed,2020-10-05 10:50:32,2020-10-05 11:50:16,3584.6,30,140,332,623,91,4,true,author2@example.com,2020-10-05 10:50:32
0bd60faf43815e55,smoke/alpha,passed,2020-10-06 07:50:48,2020-10-06 08:45:05,3256.6,6,58,202,630,129,6,true,author0@example.com,2020-10-06 07:50:48
50e8bf20bd4bbfed,smoke/alpha,passed,2020-10-07 01:51:35,2020-10-07 01:59:59,503.7,8,536,348,916,14,0,false,author0@example.com,2020-10-07 01:51:35
8372da340c35cc73,smoke/alpha,passed,2020-10-08 07:43:04,2020-10-08 07:51:25,501.9,3,239,196,187,62,1,false,author2@example.com,2020-10-08 07:43:04
c8421079b4221496,smoke/alpha,failed,2020-10-09 12:17:22,2020-10-09 13:03:54,2791.3,25,141,328,297,45,8,true,author4@example.com,2020-10-09 12:17:22
8ae2b86cedeadc6a,smoke/alpha,passed,2020-10-10 14:05:23,2020-10-10 14:48:52,2609.1,21,771,77,848,236,3,true,author0@example.com,2020-10-10 14:05:23
b4a28159386af638,smoke/alpha,failed,2020-10-11 09:46:12,2020-10-11 10:30:08,2636.1,12,444,161,291,136,4,true,author1@example.com,2020-10-11 09:46:12
3c64a31a4fe06bea,smoke/alpha,passed,2020-10-12 10:24:39,2020-10-12 11:01:18,2199.1,25,712,13,622,115,8,true,author3@example.com,2020-10-12 10:24:39
25a86e0d17c549ad,smoke/alpha,failed,2020-10-13 07:57:26,2020-10-13 08:51:21,3235.5,8,511,197,235,133,7,true,author4@example.com,2020-10-13 07:57:26
833b8d610b6b89c3,smoke/alpha,failed,2020-10-14 12:37:19,2020-10-14 12:59:18,1319.1,11,140,198,1169,225,5,true,author3@example.com,2020-10-14 12:37:19
d1cb5044c3b749fe,smoke/alpha,passed,2020-10-15 18:04:31,2020-10-15 18:06:01,89.6,3,19,134,446,30,0,false,author4@example.com,2020-10-15 18:04:31
aa88d0c023b46ca5,smoke/alpha,passed,2020-10-16 15:30:47,2020-10-16 16:16:56,2768.6,14,723,205,173,284,8,true,author2@example.com,2020-10-16 15:30:47
c43304beb4383b2e,smoke/alpha,failed,2020-10-17 10:30:59,2020-10-17 11:26:17,3317.7,26,164,274,674,210,9,true,author2@example.com,2020-10-17 10:30:59
c92887a7184ad735,smoke/alpha,passed,2020-10-18 12:54:02,2020-10-18 13:44:54,3051.9,2,255,44,894,69,7,true,author2@example.com,2020-10-18 12:54:02
44d77fe1dc74c781,smoke/alpha,passed,2020-10-19 14:53:36,2020-10-19 15:04:33,657.1,1,729,70,28,93,7,false,author4@example.com,2020-10-19 14:53:36
c6769ea60215314a,smoke/alpha,passed,2020-10-20 15:06:00,2020-10-20 15:21:56,955.5,12,134,383,555,70,0,false,author3@example.com,2020-10-20 15:06:00
06d52ef5d0e6b4cf,smoke/alpha,failed,2020-10-21 12:21:50,2020-10-21 13:04:43,2573.0,19,647,39,1021,243,8,false,author0@example.com,2020-10-21 12:21:50
42cf5fcab6ad7fee,smoke/alpha,passed,2020-10-22 12:21:33,2020-10-22 12:43:56,1342.6,9,796,52,1180,69,3,true,author0@example.com,2020-10-22 12:21:33
28565b74dfc07ca9,smoke/alpha,failed,2020-10-23 16:39:48,2020-10-23 16:43:03,194.2,12,397,76,371,28,8,false,author1@example.com,2020-10-23 16:39:48
7e3fcd4c3cb7191d,smoke/alpha,passed,2020-10-24 14:31:30,2020-10-24 15:14:52,2601.4,9,84,292,768,71,8,true,author1@example.com,2020-10-24 14:31:30
aeadf7e8ad2e53c1,smoke/alpha,passed,2020-10-25 11:12:12,2020-10-25 11:15:26,194.0,13,75,238,583,169,5,true,author4@example.com,2020-10-25 11:12:12
98dfc6bd5821008b,smoke/alpha,passed,2020-10-26 10:41:03,2020-10-26 10:58:54,1071.0,26,316,378,501,247,5,false,author1@example.com,2020-10-26 10:41:03
8337584e6cc88aae,smoke/alpha,passed,2020-10-27 13:28:26,2020-10-27 14:16:17,2871.6,5,11,209,53,129,8,false,author0@example.com,2020-10-27 13:28:26
6ed8e8266d6ab602,smoke/alpha,failed,2020-10-28 18:53:08,2020-10-28 19:32:45,2376.6,28,760,372,634,63,3,true,author3@example.com,2020-10-28 18:53:08
65f44fb926e6b13a,smoke/alpha,failed,2020-10-29 18:47:24,2020-10-29 19:47:13,3589.1,23,291,47,94,128,8,false,author2@example.com,2020-10-29 18:47:24
ee24dfabda0ba2da,smoke/alpha,passed,2020-10-30 18:17:30,2020-10-30 18:52:33,2103.4,17,141,326,812,48,9,true,author3@example.com,2020-10-30 18:17:30
ffef8232c6f0e1eb,smoke/alpha,failed,2020-10-31 20:14:27,2020-10-31 20:32:18,1071.3,28,327,201,673,172,7,false,author1@example.com,2020-10-31 20:14:27
1f9d964529164246,smoke/alpha,passed,2020-11-01 15:08:14,2020-11-01 15:55:08,2814.4,19,116,79,221,94,7,false,author2@example.com,2020-11-01 15:08:14
a0563942f22a4bad,smoke/alpha,passed,2020-11-02 14:00:55,2020-11-02 14:58:49,3473.7,7,467,157,953,145,1,true,author1@example.com,2020-11-02 14:00:55
adcfce741f678401,smoke/alpha,passed,2020-11-03 17:42:23,2020-11-03 18:24:49,2545.8,20,46,110,676,85,1,true,author2@example.com,2020-11-03 17:42:23
d2a9b6ba99c08ca9,smoke/alpha,failed,2020-11-04 16:27:41,2020-11-04 16:45:58,1096.9,27,183,15,833,241,8,true,author0@example.com,2020-11-04 16:27:41
765f038244e8d4c9,smoke/alpha,passed,2020-11-05 16:00:21,2020-11-05 16:09:10,529.1,1,68,399,460,76,3,false,author2@example.com,2020-11-05 16:00:21
ebb6950497eab159,smoke/alpha,passed,2020-11-06 18:14:29,2020-11-06 18:19:59,330.0,19,270,38,49,43,3,false,author1@example.com,2020-11-06 18:14:29
b135f28ead917462,smoke/alpha,passed,2020-11-07 13:20:42,2020-11-07 14:09:20,2917.7,4,48,236,108,96,9,false,author3@example.com,2020-11-07 13:20:42
2986aae92277043f,smoke/alpha,passed,2020-11-08 13:17:55,2020-11-08 13:43:48,1553.2,12,224,95,568,153,7,true,author0@example.com,2020-11-08 13:17:55
6da6b9e5ac7146d8,smoke/alpha,passed,2020-11-09 14:40:04,2020-11-09 15:19:05,2340.8,16,426,281,986,41,1,false,author3@example.com,2020-11-09 14:40:04
692d0c02086e5d94,smoke/alpha,passed,2020-11-10 10:18:53,2020-11-10 11:12:01,3188.2,17,260,322,1118,19,6,false,author3@example.com,2020-11-10 10:18:53
38827bf95dd76bac,smoke/alpha,passed,2020-11-11 10:50:56,2020-11-11 11:45:44,3288.3,17,334,198,558,102,0,false,author4@example.com,2020-11-11 10:50:56
0188395acbf66c0f,smoke/alpha,passed,2020-11-12 07:28:38,2020-11-12 08:15:27,2809.4,2,488,271,737,129,2,true,author1@example.com,2020-11-12 07:28:38
595698d79208291c,smoke/alpha,passed,2020-11-13 09:21:34,2020-11-13 10:10:38,2944.1,30,759,28,454,208,5,true,author1@example.com,2020-11-13 09:21:34
8765d1b56887e608,smoke/alpha,passed,2020-11-14 06:11:53,2020-11-14 06:56:18,2665.0,12,610,14,725,300,9,true,author4@example.com,2020-11-14 06:11:53
f566c6c867f4b09d,smoke/alpha,passed,2020-11-15 11:34:43,2020-11-15 12:23:26,2923.1,16,560,158,364,261,0,true,author0@example.com,2020-11-15 11:34:43
f644649db094895d,smoke/alpha,passed,2020-11-16 08:22:12,2020-11-16 08:54:01,1909.4,1,344,314,417,76,5,true,author2@example.com,2020-11-16 08:22:12
61362ac9447a09ac,smoke/alpha,failed,2020-11-17 03:05:05,2020-11-17 03:47:31,2545.8,5,797,56,1082,196,1,false,author3@example.com,2020-11-17 03:05:05
16d3ec565baec989,smoke/alpha,passed,2020-11-18 04:07:01,2020-11-18 04:26:42,1181.7,6,754,223,1002,172,2,false,author1@example.com,2020-11-18 04:07:01
d1e633d53ca8bbd4,smoke/alpha,passed,2020-11-19 06:06:12,2020-11-19 06:29:13,1380.8,24,710,150,265,100,0,false,author4@example.com,2020-11-19 06:06:12
4aa41325b9b7480d,smoke/alpha,passed,2020-11-20 00:29:31,2020-11-20 01:24:49,3318.1,20,231,327,1163,63,7,true,author2@example.com,2020-11-20 00:29:31
17f2b33c4e8c1980,smoke/alpha,passed,2020-11-21 03:26:10,2020-11-21 04:25:07,3537.1,6,656,45,692,238,0,false,author1@example.com,2020-11-21 03:26:10
2724ceb75a218d9e,smoke/alpha,failed,2020-11-22 00:25:50,2020-11-22 00:41:36,946.3,4,742,0,103,207,7,false,author1@example.com,2020-11-22 00:25:50
5f79b6a94fa1dbda,smoke/alpha,passed,2020-11-23 05:02:42,2020-11-23 05:25:44,1382.0,18,389,51,986,125,2,false,author0@example.com,2020-11-23 05:02:42
92b0fdfc2cf12770,smoke/alpha,failed,2020-11-24 08:38:08,2020-11-24 08:39:49,101.7,9,112,37,705,97,6,true,author0@example.com,2020-11-24 08:38:08
79fb6cf2c92ae5ad,smoke/alpha,passed,2020-11-25 09:12:00,2020-11-25 09:18:02,362.4,20,633,247,68,230,10,true,author4@example.com,2020-11-25 09:12:00
3ca11f50a50ff088,smoke/alpha,passed,2020-11-26 13:52:37,2020-11-26 13:59:09,391.5,7,199,209,1139,286,4,false,author2@example.com,2020-11-26 13:52:37
49a29d9f00ad28a9,smoke/alpha,failed,2020-11-27 10:43:39,2020-11-27 11:18:11,2071.2,27,507,78,116,194,0,false,author0@example.com,2020-11-27 10:43:39
217349731b1cd06b,smoke/alpha,passed,2020-11-28 08:15:44,2020-11-28 08:51:57,2172.8,7,104,13,428,97,10,false,author0@example.com,2020-11-28 08:15:44
9fcc779d2ff30161,smoke/alpha,failed,2020-11-29 07:56:42,2020-11-29 08:43:54,2832.0,16,505,338,547,56,10,false,author1@example.com,2020-11-29 07:56:42
fd21aad8766f6ce2,smoke/alpha,passed,2020-11-30 06:23:50,2020-11-30 06:35:26,696.1,2,274,225,957,144,3,false,author4@example.com,2020-11-30 06:23:50
583d8c1e47465a88,smoke/alpha,passed,2020-12-01 01:08:13,2020-12-01 01:48:26,2412.9,3,689,176,1113,221,9,true,author4@example.com,2020-12-01 01:08:13
10fb13b14343c1fb,smoke/alpha,passed,2020-12-01 19:52:08,2020-12-01 20:23:43,1895.6,18,708,243,1177,130,7,false,author0@example.com,2020-12-01 19:52:08
8672e8a30097b2c3,smoke/alpha,passed,2020-12-02 18:36:23,2020-12-02 18:38:57,154.0,19,534,292,306,71,7,true,author1@example.com,2020-12-02 18:36:23
c4956d403b094bb9,smoke/alpha,passed,2020-12-04 00:16:21,2020-12-04 00:24:21,480.5,14,85,349,896,113,10,true,author4@example.com,2020-12-04 00:16:21
03922adc08972e5e,smoke/alpha,passed,2020-12-04 21:22:01,2020-12-04 22:16:55,3293.6,3,94,198,1144,213,8,false,author2@example.com,2020-12-04 21:22:01
ee8e80c980041c65,smoke/alpha,passed,2020-12-05 21:36:12,2020-12-05 21:37:26,74.1,23,643,300,1075,224,1,false,author1@example.com,2020-12-05 21:36:12
4797d62fa9a39d9a,smoke/alpha,passed,2020-12-06 17:22:54,2020-12-06 18:08:31,2737.4,4,113,288,211,156,8,false,author3@example.com,2020-12-06 17:22:54
b7939e69dc3502f1,smoke/alpha,passed,2020-12-07 14:33:05,2020-12-07 15:07:37,2072.1,16,43,88,569,216,2,false,author0@example.com,2020-12-07 14:33:05
230d493a033745be,smoke/alpha,passed,2020-12-08 13:18:03,2020-12-08 13:59:38,2495.1,2,768,243,555,200,0,false,author2@example.com,2020-12-08 13:18:03
00f8a0b3fd8c79de,smoke/alpha,passed,2020-12-09 11:01:56,2020-12-09 11:53:30,3093.9,22,105,116,280,163,7,false,author2@example.com,2020-12-09 11:01:56
702997d27bd66f2a,smoke/alpha,passed,2020-12-10 13:46:40,2020-12-10 13:52:29,348.8,15,221,208,997,274,5,true,author4@example.com,2020-12-10 13:46:40
124395cf132c4a28,smoke/alpha,failed,2020-12-11 17:16:33,2020-12-11 17:59:16,2563.2,13,143,399,1078,24,2,true,author1@example.com,2020-12-11 17:16:33
63a36f5b7dde2281,smoke/alpha,passed,2020-12-12 21:19:10,2020-12-12 21:46:49,1659.5,30,374,360,412,150,5,false,author4@example.com,2020-12-12 21:19:10
0b410d461c484fab,smoke/alpha,passed,2020-12-13 20:04:58,2020-12-13 20:46:00,2461.8,8,386,250,918,100,7,false,author2@example.com,2020-12-13 20:04:58
eea6738b45bc2e77,smoke/alpha,passed,2020-12-14 16:02:42,2020-12-14 16:47:45,2703.8,23,97,145,61,207,0,true,author4@example.com,2020-12-14 16:02:42
e520cb90e5f8bdac,smoke/alpha,passed,2020-12-15 19:24:10,2020-12-15 19:37:51,820.2,8,698,105,556,219,8,true,author0@example.com,2020-12-15 19:24:10
cb2f1a528a596f07,smoke/alpha,failed,2020-12-16 19:05:31,2020-12-16 19:16:20,648.3,26,13,114,521,166,10,false,author3@example.com,2020-12-16 19:05:31
7e2f6a8759a63d54,smoke/alpha,passed,2020-12-17 23:50:16,2020-12-18 00:18:05,1668.6,7,482,154,1071,213,9,true,author0@example.com,2020-12-17 23:50:16
c25a140e06240ac8,smoke/alpha,passed,2020-12-18 23:58:34,2020-12-19 00:49:14,3040.5,12,579,331,583,162,10,true,author3@example.com,2020-12-18 23:58:34
9d2533e5360d8106,smoke/alpha,passed,2020-12-19 18:44:31,2020-12-19 19:23:08,2316.9,28,288,133,616,106,2,true,author0@example.com,2020-12-19 18:44:31
2e49a4d30f15072c,smoke/alpha,passed,2020-12-20 22:24:26,2020-12-20 23:00:38,2172.1,22,332,348,291,23,10,false,author2@example.com,2020-12-20 22:24:26
1f728e5f1331dd9d,smoke/alpha,passed,2020-12-21 19:31:13,2020-12-21 19:54:49,1416.1,2,602,362,1176,107,5,true,author4@example.com,2020-12-21 19:31:13
d7d143e594a30e49,smoke/alpha,passed,2020-12-22 21:10:48,2020-12-22 22:07:16,3388.2,12,524,153,353,295,2,false,author0@example.com,2020-12-22 21:10:48
2f9d7c3a23d5d1ba,smoke/alpha,passed,2020-12-23 20:49:46,2020-12-23 21:33:25,2618.9,18,786,93,692,55,3,false,author1@example.com,2020-12-23 20:49:46
bda1678d6c63bdfe,smoke/alpha,passed,2020-12-24 23:45:36,2020-12-25 00:32:59,2843.5,11,385,133,607,247,1,false,author0@example.com,2020-12-24 23:45:36
c22210e189a99238,smoke/alpha,passed,2020-12-26 04:09:24,2020-12-26 05:06:05,3401.2,3,488,99,1029,71,10,false,author4@example.com,2020-12-26 04:09:24
59118b8f2cab7ea1,smoke/alpha,failed,2020-12-27 01:44:13,2020-12-27 02:35:33,3079.6,5,210,175,843,244,2,false,author1@example.com,2020-12-27 01:44:13
095649815a4890c1,smoke/alpha,passed,2020-12-28 05:05:03,2020-12-28 05:43:06,2282.8,6,325,324,123,12,7,false,author1@example.com,2020-12-28 05:05:03
747aaf1af9a3060e,smoke/alpha,passed,2020-12-29 08:13:07,2020-12-29 08:59:06,2759.2,16,786,399,185,76,9,false,author3@example.com,2020-12-29 08:13:07
4603ff0af8cfacfd,smoke/alpha,passed,2020-12-30 07:03:33,2020-12-30 07:26:52,1398.4,2,551,102,769,17,5,true,author0@example.com,2020-12-30 07:03:33
5c4c61857774b56a,smoke/alpha,passed,2020-12-31 09:10:49,2020-12-31 09:26:07,918.3,23,357,159,269,62,6,false,author1@example.com,2020-12-31 09:10:49
0ec9ad58276b8bf6,smoke/alpha,failed,2021-01-01 03:57:49,2021-01-01 04:54:45,3416.0,15,750,266,1078,182,6,true,author2@example.com,2021-01-01 03:57:49
a893e2a4b7e4e30d,smoke/alpha,passed,2021-01-02 09:55:03,2021-01-02 10:40:10,2707.9,6,418,9,472,124,2,true,author0@example.com,2021-01-02 09:55:03
3693c644dc4b6574,smoke/alpha,passed,2021-01-03 10:59:37,2021-01-03 11:21:56,1338.7,21,43,192,528,283,9,true,author4@example.com,2021-01-03 10:59:37
81600fddf58fa666,smoke/alpha,passed,2021-01-04 16:55:47,2021-01-04 17:35:11,2363.2,1,54,353,242,223,7,false,author0@example.com,2021-01-04 16:55:47
e93743b01e7fa04f,smoke/alpha,passed,2021-01-05 17:29:50,2021-01-05 17:39:27,576.7,23,707,322,24,164,6,true,author4@example.com,2021-01-05 17:29:50
43a56300bf1b36cc,smoke/alpha,passed,2021-01-06 14:44:13,2021-01-06 14:52:53,519.7,27,112,261,246,154,1,true,author3@example.com,2021-01-06 14:44:13
2cb32435f406ee8f,smoke/alpha,passed,2021-01-07 11:07:15,2021-01-07 11:23:23,968.9,17,211,183,844,161,2,true,author4@example.com,2021-01-07 11:07:15
ae4cd780de0aa606,smoke/alpha,passed,2021-01-08 11:04:37,2021-01-08 12:00:38,3361.3,11,245,1,31,55,1,false,author1@example.com,2021-01-08 11:04:37
40c2f679c3ad28a5,smoke/alpha,passed,2021-01-09 16:28:13,2021-01-09 16:33:11,297.9,24,108,131,478,243,4,false,author3@example.com,2021-01-09 16:28:13
6fc77f623e23ea64,smoke/alpha,passed,2021-01-10 11:04:17,2021-01-10 11:56:47,3150.7,28,302,184,645,228,1,true,author0@example.com,2021-01-10 11:04:17
b89efc1a25bb1238,smoke/alpha,failed,2021-01-11 05:11:15,2021-01-11 05:50:15,2340.5,11,371,224,554,57,5,false,author1@example.com,2021-01-11 05:11:15
40e4f04ded90d69c,smoke/alpha,passed,2021-01-12 00:33:12,2021-01-12 01:00:52,1659.8,27,399,353,984,225,10,true,author0@example.com,2021-01-12 00:33:12
1522605f51d25154,smoke/alpha,passed,2021-01-12 20:08:37,2021-01-12 21:07:31,3534.2,28,168,53,857,257,9,false,author1@example.com,2021-01-12 20:08:37
324a46c138d3fab5,smoke/alpha,passed,2021-01-13 21:28:46,2021-01-13 22:05:38,2212.5,28,705,372,272,257,7,true,author3@example.com,2021-01-13 21:28:46
178ca93a96f3c5d7,smoke/alpha,failed,2021-01-14 20:46:03,2021-01-14 21:25:32,2368.3,1,726,347,1079,299,3,false,author4@example.com,2021-01-14 20:46:03
7e23ccf694e6e052,smoke/alpha,passed,2021-01-15 21:02:41,2021-01-15 21:08:51,370.0,22,749,127,991,187,10,false,author1@example.com,2021-01-15 21:02:41
4dc341f76877733f,smoke/alpha,passed,2021-01-17 01:06:48,2021-01-17 02:06:04,3556.4,2,16,329,326,268,7,false,author1@example.com,2021-01-17 01:06:48
c4ecbe4ae114019b,smoke/alpha,passed,2021-01-17 20:00:42,2021-01-17 20:15:32,890.0,9,56,259,461,291,10,false,author3@example.com,2021-01-17 20:00:42
213c43f67a5a957d,smoke/alpha,failed,2021-01-18 23:49:01,2021-01-19 00:15:57,1615.8,19,463,45,1025,238,5,true,author3@example.com,2021-01-18 23:49:01
3cb154d87e97b394,smoke/alpha,failed,2021-01-20 02:45:35,2021-01-20 03:10:05,1470.3,2,575,281,5,56,9,false,author4@example.com,2021-01-20 02:45:35
f8c8a6e3064c3b92,smoke/alpha,passed,2021-01-21 03:30:28,2021-01-21 03:58:07,1658.7,11,377,27,461,242,5,false,author2@example.com,2021-01-21 03:30:28
ed3975bb77d881ca,smoke/alpha,failed,2021-01-22 06:05:55,2021-01-22 06:51:36,2740.8,8,7,174,732,159,8,false,author0@example.com,2021-01-22 06:05:55
0c766f9183c3940a,smoke/alpha,passed,2021-01-23 00:38:53,2021-01-23 00:47:44,531.4,23,765,369,843,64,4,true,author1@example.com,2021-01-23 00:38:53
e299bd59af6d35ab,smoke/alpha,passed,2021-01-23 20:05:49,2021-01-23 20:19:09,799.7,27,200,366,697,65,6,true,author4@example.com,2021-01-23 20:05:49
368853ac993b2eba,smoke/alpha,passed,2021-01-24 15:34:32,2021-01-24 16:02:15,1662.9,19,521,68,1026,12,8,true,author4@example.com,2021-01-24 15:34:32
f4dcf2d414e22638,smoke/alpha,passed,2021-01-25 20:47:58,2021-01-25 21:17:12,1754.1,17,186,354,1189,98,2,true,author3@example.com,2021-01-25 20:47:58
14c1a232932bb59c,smoke/alpha,passed,2021-01-26 22:41:22,2021-01-26 23:01:01,1179.0,29,398,214,513,150,6,false,author2@example.com,2021-01-26 22:41:22
4b28f831b1d3eca9,smoke/alpha,failed,2021-01-27 22:07:25,2021-01-27 22:32:29,1503.5,23,771,262,617,290,5,true,author1@example.com,2021-01-27 22:07:25
310a59067b1f94eb,smoke/alpha,passed,2021-01-28 18:38:25,2021-01-28 19:19:46,2481.2,30,693,67,369,267,8,false,author0@example.com,2021-01-28 18:38:25
5afb58230696e03b,smoke/alpha,passed,2021-01-29 21:46:10,2021-01-29 22:21:21,2110.6,22,732,213,1098,156,6,true,author4@example.com,2021-01-29 21:46:10
4093f87dd9318212,smoke/alpha,passed,2021-01-30 17:02:50,2021-01-30 17:06:29,219.4,2,209,136,334,156,10,false,author1@example.com,2021-01-30 17:02:50
a09f3da283beae06,smoke/alpha,passed,2021-01-31 21:07:11,2021-01-31 21:25:15,1083.7,25,559,16,739,241,1,true,author4@example.com,2021-01-31 21:07:11
bffb4182edf00810,smoke/alpha,passed,2021-02-01 19:47:11,2021-02-01 20:35:06,2874.7,23,299,354,101,205,6,false,author2@example.com,2021-02-01 19:47:11
a854fd2565778043,smoke/alpha,failed,2021-02-03 01:22:35,2021-02-03 02:07:20,2684.9,7,640,399,912,125,10,false,author4@example.com,2021-02-03 01:22:35
ce092f67c69c6c79,smoke/alpha,passed,2021-02-04 01:56:09,2021-02-04 02:42:50,2800.8,7,306,229,368,48,2,true,author4@example.com,2021-02-04 01:56:09
d9c050560127a52d,smoke/alpha,failed,2021-02-04 21:22:05,2021-02-04 21:39:11,1026.4,9,138,82,527,12,5,false,author1@example.com,2021-02-04 21:22:05
57722a7bb03bc70e,smoke/alpha,passed,2021-02-05 15:50:50,2021-02-05 16:26:51,2160.9,25,645,315,621,261,9,false,author0@example.com,2021-02-05 15:50:50
505b47259adb8b90,smoke/alpha,passed,2021-02-06 19:15:21,2021-02-06 19:28:56,815.3,6,538,34,1039,91,6,false,author0@example.com,2021-02-06 19:15:21
a63aaba69c07b2aa,smoke/alpha,passed,2021-02-07 17:26:55,2021-02-07 18:06:53,2398.1,11,374,150,452,281,7,true,author0@example.com,2021-02-07 17:26:55
7c1f31db6075ed81,smoke/alpha,passed,2021-02-08 19:28:33,2021-02-08 20:22:52,3259.1,20,641,124,86,174,6,true,author3@example.com,2021-02-08 19:28:33
7818d657adcc1dd5,smoke/alpha,passed,2021-02-09 16:33:18,2021-02-09 16:35:16,118.2,17,793,191,1058,270,7,false,author0@example.com,2021-02-09 16:33:18
d26469893f80b990,smoke/alpha,passed,2021-02-10 14:06:44,2021-02-10 14:26:17,1173.5,3,103,85,1106,283,0,true,author1@example.com,2021-02-10 14:06:44
f0318adbcd5ac334,smoke/alpha,passed,2021-02-11 16:09:22,2021-02-11 17:01:20,3117.9,14,111,105,1106,232,10,true,author1@example.com,2021-02-11 16:09:22
985a72e34be91081,smoke/alpha,passed,2021-02-12 10:26:28,2021-02-12 10:29:14,165.3,3,60,91,520,295,1,true,author2@example.com,2021-02-12 10:26:28
5e7999abac9ca03a,smoke/alpha,passed,2021-02-13 09:19:58,2021-02-13 09:44:32,1473.9,11,22,199,247,283,0,true,author4@example.com,2021-02-13 09:19:58
4d7931c30f27992c,smoke/alpha,passed,2021-02-14 03:52:44,2021-02-14 04:14:31,1307.0,17,113,148,622,54,4,false,author3@example.com,2021-02-14 03:52:44
f7c09740e2bb20ff,smoke/alpha,passed,2021-02-15 02:37:13,2021-02-15 03:05:55,1722.1,18,230,69,805,289,4,true,author2@example.com,2021-02-15 02:37:13
5c4b1364c839db2b,smoke/alpha,passed,2021-02-16 04:44:52,2021-02-16 05:32:40,2868.2,24,668,191,27,293,8,true,author0@example.com,2021-02-16 04:44:52
b48fe4ba2d9ea597,smoke/alpha,passed,2021-02-16 23:14:57,2021-02-16 23:38:54,1436.9,18,92,156,435,186,3,false,author4@example.com,2021-02-16 23:14:57
5f5a02f14019af01,smoke/alpha,passed,2021-02-17 18:57:31,2021-02-17 19:34:43,2232.3,9,203,58,376,300,0,false,author4@example.com,2021-02-17 18:57:31
2f040e6d72a27512,smoke/alpha,passed,2021-02-18 13:50:11,2021-02-18 14:05:36,925.0,7,748,297,1002,179,5,true,author1@example.com,2021-02-18 13:50:11
875b04f81ed5d56c,smoke/alpha,passed,2021-02-19 09:02:13,2021-02-19 09:56:16,3243.4,11,502,230,677,166,9,true,author4@example.com,2021-02-19 09:02:13
e81c7ee11c553294,smoke/alpha,passed,2021-02-20 09:50:21,2021-02-20 10:47:53,3452.4,6,9,160,509,123,10,false,author2@example.com,2021-02-20 09:50:21
ebf4f062d472f2fc,smoke/alpha,failed,2021-02-21 13:55:14,2021-02-21 14:39:20,2646.7,29,496,236,917,193,4,false,author4@example.com,2021-02-21 13:55:14
7c8f4d834dc82ac9,smoke/alpha,passed,2021-02-22 09:13:35,2021-02-22 09:18:58,322.6,9,148,275,407,144,10,true,author0@example.com,2021-02-22 09:13:35
15085ff92882eb79,smoke/alpha,passed,2021-02-23 13:55:54,2021-02-23 14:33:59,2284.9,27,600,296,834,118,0,false,author4@example.com,2021-02-23 13:55:54
776a5b1208396dbe,smoke/alpha,passed,2021-02-24 18:39:34,2021-02-24 19:18:59,2364.5,5,379,200,462,158,2,false,author4@example.com,2021-02-24 18:39:34
89b38ff302e40de8,smoke/alpha,passed,2021-02-25 18:47:04,2021-02-25 19:17:27,1822.7,22,249,314,344,273,2,false,author1@example.com,2021-02-25 18:47:04
4844eeb1bafcee89,smoke/alpha,passed,2021-02-26 14:56:03,2021-02-26 15:35:47,2384.1,5,758,374,995,193,0,true,author3@example.com,2021-02-26 14:56:03
31e06ed774081902,smoke/alpha,passed,2021-02-27 11:42:55,2021-02-27 11:57:20,865.4,22,216,265,744,208,7,false,author0@example.com,2021-02-27 11:42:55
86baab27873c72ed,smoke/alpha,passed,2021-02-28 06:11:39,2021-02-28 06:18:17,398.5,17,653,140,544,288,9,true,author3@example.com,2021-02-28 06:11:39
024d240cf351989c,smoke/alpha,passed,2021-03-01 08:02:18,2021-03-01 08:41:40,2362.4,27,84,264,520,202,3,false,author2@example.com,2021-03-01 08:02:18
4174ff8cfc5cf797,smoke/alpha,passed,2021-03-02 11:50:42,2021-03-02 12:38:22,2859.8,29,623,3,1032,81,7,true,author1@example.com,2021-03-02 11:50:42
ad4cfcffc86db760,smoke/alpha,passed,2021-03-03 06:46:12,2021-03-03 06:59:18,785.1,6,166,185,247,127,6,false,author0@example.com,2021-03-03 06:46:12
21d153077b1a9e59,smoke/alpha,passed,2021-03-04 06:32:54,2021-03-04 06:45:56,782.2,6,667,210,50,134,0,true,author4@example.com,2021-03-04 06:32:54
98ec2d0c1b28b2ad,smoke/alpha,failed,2021-03-05 07:39:23,2021-03-05 08:10:23,1860.1,29,591,75,119,95,4,true,author4@example.com,2021-03-05 07:39:23
93b2729c47e8f06b,smoke/alpha,passed,2021-03-06 13:09:19,2021-03-06 13:43:21,2042.1,1,741,372,585,53,3,false,author4@example.com,2021-03-06 13:09:19
6cb92349270b244e,smoke/alpha,passed,2021-03-07 19:04:07,2021-03-07 19:14:46,638.9,27,425,307,297,103,9,false,author1@example.com,2021-03-07 19:04:07
781a65eb6455e93b,smoke/alpha,passed,2021-03-08 21:45:32,2021-03-08 22:13:01,1648.9,19,75,117,779,207,2,true,author0@example.com,2021-03-08 21:45:32
c027b996700c04ec,smoke/alpha,passed,2021-03-09 18:11:13,2021-03-09 18:41:44,1830.6,14,158,310,202,100,7,true,author4@example.com,2021-03-09 18:11:13
361d806cc7d98bff,smoke/alpha,failed,2021-03-10 18:13:37,2021-03-10 18:42:49,1751.6,5,622,276,7,230,8,false,author2@example.com,2021-03-10 18:13:37
094e28dd28c8d36b,smoke/alpha,passed,2021-03-11 22:43:30,2021-03-11 23:09:31,1561.4,26,498,393,785,189,9,true,author3@example.com,2021-03-11 22:43:30
b9a363dc00dc298c,smoke/alpha,passed,2021-03-12 18:19:53,2021-03-12 18:34:14,860.1,28,90,145,1118,219,4,true,author0@example.com,2021-03-12 18:19:53
cad885606dc503fa,smoke/alpha,passed,2021-03-13 20:50:29,2021-03-13 21:25:22,2093.4,4,537,3,773,115,5,false,author2@example.com,2021-03-13 20:50:29
d2b14ac9ec4e0a15,smoke/alpha,passed,2021-03-14 16:07:13,2021-03-14 16:42:33,2119.8,9,553,216,1161,197,9,false,author3@example.com,2021-03-14 16:07:13
2d59a058e4eb0384,smoke/alpha,passed,2021-03-15 19:10:48,2021-03-15 19:57:56,2828.1,16,188,189,1150,294,7,false,author2@example.com,2021-03-15 19:10:48
e16c32645b229f75,smoke/alpha,passed,2021-03-16 20:06:42,2021-03-16 20:30:54,1451.3,5,680,60,475,238,2,true,author1@example.com,2021-03-16 20:06:42
723d5619056d27d7,smoke/alpha,passed,2021-03-17 20:12:43,2021-03-17 21:00:52,2889.0,20,718,350,111,92,6,true,author0@example.com,2021-03-17 20:12:43
2f094494d0efd122,smoke/alpha,passed,2021-03-19 00:05:27,2021-03-19 00:41:40,2172.9,3,70,134,459,199,1,true,author3@example.com,2021-03-19 00:05:27
f4f5c38ebe289a27,smoke/alpha,passed,2021-03-20 05:15:33,2021-03-20 05:55:06,2372.5,10,733,305,122,99,10,false,author3@example.com,2021-03-20 05:15:33
eb5e63e5acf1a465,smoke/alpha,passed,2021-03-20 23:23:16,2021-03-21 00:19:09,3352.8,17,297,99,73,271,8,true,author4@example.com,2021-03-20 23:23:16
ae8cabbb980d31ef,smoke/alpha,failed,2021-03-21 19:25:17,2021-03-21 19:40:02,884.1,1,166,44,570,214,5,false,author3@example.com,2021-03-21 19:25:17
c41af1076d98e838,smoke/alpha,passed,2021-03-22 20:27:16,2021-03-22 21:11:37,2660.8,3,97,281,587,296,9,false,author2@example.com,2021-03-22 20:27:16
3d79e97b7dce7f6e,smoke/alpha,passed,2021-03-24 02:00:50,2021-03-24 02:37:25,2194.7,7,470,206,1182,12,4,true,author3@example.com,2021-03-24 02:00:50
db5274abbb9c6b22,smoke/alpha,passed,2021-03-25 02:05:20,2021-03-25 02:35:46,1826.3,11,124,262,532,285,9,false,author3@example.com,2021-03-25 02:05:20
0bb298c9f7a1ac69,smoke/alpha,passed,2021-03-26 07:40:53,2021-03-26 08:27:12,2778.8,25,352,397,944,245,9,true,author3@example.com,2021-03-26 07:40:53
81663ea61855b5f6,smoke/alpha,failed,2021-03-27 03:04:36,2021-03-27 03:42:48,2292.2,8,698,359,475,171,6,false,author4@example.com,2021-03-27 03:04:36
da08d233507d3a5e,smoke/alpha,passed,2021-03-28 03:30:16,2021-03-28 03:46:26,970.2,10,100,204,705,48,8,true,author3@example.com,2021-03-28 03:30:16
1a7299cd2ce6d032,smoke/alpha,passed,2021-03-29 01:16:15,2021-03-29 01:50:54,2078.2,6,769,349,394,265,3,true,author1@example.com,2021-03-29 01:16:15
b54ece5c2dd1c054,smoke/alpha,passed,2021-03-30 05:44:38,2021-03-30 05:57:12,753.9,8,638,182,324,64,1,true,author3@example.com,2021-03-30 05:44:38
b9ac9c3a3ac4127f,smoke/alpha,passed,2021-03-31 07:06:35,2021-03-31 07:39:18,1963.1,2,498,190,650,262,9,false,author3@example.com,2021-03-31 07:06:35
08622b386818dbd9,smoke/alpha,passed,2021-04-01 03:18:15,2021-04-01 03:49:10,1854.7,13,232,384,1186,75,0,false,author3@example.com,2021-04-01 03:18:15
39603669c1ad5f12,smoke/alpha,failed,2021-04-02 08:34:48,2021-04-02 08:55:58,1269.8,28,707,397,362,244,1,false,author2@example.com,2021-04-02 08:34:48
7e435495543e2db0,smoke/alpha,failed,2021-04-03 10:51:02,2021-04-03 11:04:05,782.4,19,108,166,745,142,2,false,author1@example.com,2021-04-03 10:51:02
50205053bb3cb2a6,smoke/alpha,passed,2021-04-04 08:05:01,2021-04-04 08:25:56,1254.9,6,515,217,436,224,5,false,author3@example.com,2021-04-04 08:05:01
578523b87d5d9402,smoke/alpha,passed,2021-04-05 05:26:21,2021-04-05 05:34:39,498.2,19,707,117,209,148,3,false,author3@example.com,2021-04-05 05:26:21
ee9da2b6d386af27,smoke/alpha,passed,2021-04-06 01:47:31,2021-04-06 02:31:57,2666.6,16,14,90,868,265,2,false,author3@example.com,2021-04-06 01:47:31
d2bfac0cdd33d6b4,smoke/alpha,passed,2021-04-06 23:23:32,2021-04-06 23:57:49,2057.2,13,106,353,339,40,3,false,author3@example.com,2021-04-06 23:23:32
9f52afc631bb3132,smoke/alpha,failed,2021-04-08 03:27:36,2021-04-08 04:12:24,2688.2,9,374,184,1152,295,4,false,author0@example.com,2021-04-08 03:27:36
701df06fb792bce5,smoke/alpha,passed,2021-04-09 02:24:04,2021-04-09 03:05:00,2456.1,20,208,295,1184,285,2,false,author2@example.com,2021-04-09 02:24:04
6a55dac40e1baee4,smoke/alpha,passed,2021-04-10 00:18:08,2021-04-10 01:04:44,2795.8,15,85,195,591,247,10,true,author1@example.com,2021-04-10 00:18:08
a9ba60f26d375880,smoke/alpha,passed,2021-04-11 01:59:21,2021-04-11 02:24:57,1535.9,20,590,207,151,50,2,false,author1@example.com,2021-04-11 01:59:21
38edffd05e3acd3a,smoke/alpha,passed,2021-04-11 23:45:03,2021-04-12 00:27:49,2566.2,20,665,202,560,237,5,false,author3@example.com,2021-04-11 23:45:03
d4d1c203dc34c8e1,smoke/alpha,passed,2021-04-12 19:45:31,2021-04-12 19:53:28,476.4,8,682,128,168,117,2,false,author0@example.com,2021-04-12 19:45:31
31b2c5925ac78528,smoke/alpha,passed,2021-04-13 14:54:19,2021-04-13 15:22:59,1719.3,2,31,394,818,278,1,true,author2@example.com,2021-04-13 14:54:19
4b491191f6d55290,smoke/alpha,failed,2021-04-14 16:19:21,2021-04-14 17:15:17,3355.8,13,321,117,511,155,7,true,author1@example.com,2021-04-14 16:19:21
884c413cb5d5b00b,smoke/alpha,passed,2021-04-15 16:38:37,2021-04-15 16:41:12,155.5,12,338,243,961,286,4,false,author1@example.com,2021-04-15 16:38:37
ed8bb95486958d7e,smoke/alpha,passed,2021-04-16 22:16:41,2021-04-16 22:27:43,662.0,20,472,323,1160,232,8,false,author2@example.com,2021-04-16 22:16:41
79cc7558fddaed79,smoke/alpha,passed,2021-04-17 22:03:28,2021-04-17 22:09:18,349.7,10,379,211,537,89,4,true,author0@example.com,2021-04-17 22:03:28
4a1efbb66795a2d4,smoke/alpha,passed,2021-04-18 22:20:15,2021-04-18 22:28:52,516.6,10,485,273,22,261,7,false,author0@example.com,2021-04-18 22:20:15
40b19d88ea78b4f3,smoke/alpha,passed,2021-04-20 01:31:41,2021-04-20 02:07:42,2161.3,26,12,280,770,106,6,false,author3@example.com,2021-04-20 01:31:41
09c863749679de9c,smoke/alpha,passed,2021-04-20 22:31:36,2021-04-20 23:10:33,2336.2,27,392,112,543,50,6,true,author4@example.com,2021-04-20 22:31:36
754396321d94fc7d,smoke/alpha,passed,2021-04-22 01:42:04,2021-04-22 02:30:38,2913.0,22,283,145,1094,147,6,true,author0@example.com,2021-04-22 01:42:04
328ea9554eeae259,smoke/alpha,passed,2021-04-22 21:53:24,2021-04-22 22:31:48,2303.7,20,468,139,1012,106,5,true,author1@example.com,2021-04-22 21:53:24
20080797bb4c1062,smoke/alpha,passed,2021-04-23 16:29:09,2021-04-23 16:40:42,693.8,4,293,137,261,234,0,true,author0@example.com,2021-04-23 16:29:09
5e7dae74c30ad59d,smoke/alpha,passed,2021-04-24 12:17:38,2021-04-24 12:38:29,1250.6,10,515,190,954,26,5,true,author1@example.com,2021-04-24 12:17:38
84173e701d03e3bd,smoke/alpha,passed,2021-04-25 06:57:59,2021-04-25 07:02:44,284.8,16,190,98,517,205,0,true,author1@example.com,2021-04-25 06:57:59
2919a158c67e282b,smoke/alpha,passed,2021-04-26 05:35:02,2021-04-26 05:50:15,912.4,2,208,235,197,276,10,true,author3@example.com,2021-04-26 05:35:02
33931aa0a0e13555,smoke/alpha,passed,2021-04-27 04:15:12,2021-04-27 05:11:25,3372.3,6,649,372,91,291,8,true,author2@example.com,2021-04-27 04:15:12
fdb652257b6a0428,smoke/alpha,passed,2021-04-28 04:01:41,2021-04-28 04:23:38,1316.7,2,687,111,236,130,10,false,author2@example.com,2021-04-28 04:01:41
d65c2f164361f907,smoke/alpha,passed,2021-04-28 22:12:32,2021-04-28 22:47:50,2117.4,13,253,4,91,253,9,true,author2@example.com,2021-04-28 22:12:32
d7b9d810b6c0bc8b,smoke/alpha,passed,2021-04-30 01:27:31,2021-04-30 01:57:46,1814.7,22,638,173,127,40,5,true,author4@example.com,2021-04-30 01:27:31
55e228fb6a8d4a89,smoke/alpha,failed,2021-05-01 04:57:22,2021-05-01 05:11:43,860.6,18,665,387,716,234,3,true,author3@example.com,2021-05-01 04:57:22
75bf693542e7e319,smoke/alpha,failed,2021-05-02 03:15:15,2021-05-02 04:09:13,3238.2,16,728,224,1149,160,8,false,author1@example.com,2021-05-02 03:15:15
5763c29360996ccb,smoke/alpha,passed,2021-05-03 04:03:17,2021-05-03 04:23:02,1185.5,15,286,306,1140,92,1,true,author3@example.com,2021-05-03 04:03:17
082c08d94840169c,smoke/alpha,passed,2021-05-04 01:36:10,2021-05-04 01:58:30,1340.6,1,799,326,1041,204,2,true,author4@example.com,2021-05-04 01:36:10
700bf4858cdea513,smoke/alpha,passed,2021-05-05 05:53:05,2021-05-05 06:07:47,882.5,24,69,337,1108,208,3,false,author4@example.com,2021-05-05 05:53:05
309ae484a1a79941,smoke/alpha,passed,2021-05-06 01:44:03,2021-05-06 02:08:56,1493.0,11,118,49,1076,44,0,true,author1@example.com,2021-05-06 01:44:03
380befb661a1357e,smoke/alpha,passed,2021-05-07 06:12:58,2021-05-07 06:42:21,1762.8,4,37,292,800,260,8,false,author0@example.com,2021-05-07 06:12:58
4476dc8b2e66de26,smoke/alpha,passed,2021-05-08 04:36:44,2021-05-08 04:41:27,283.0,30,218,335,1011,50,7,true,author2@example.com,2021-05-08 04:36:44
7f40a9851d1d6d7b,smoke/alpha,passed,2021-05-09 05:18:31,2021-05-09 05:43:46,1515.0,12,730,29,549,280,0,true,author2@example.com,2021-05-09 05:18:31
341ae6cffe692519,smoke/alpha,passed,2021-05-10 00:14:38,2021-05-10 00:46:02,1884.6,4,747,118,1093,207,3,true,author4@example.com,2021-05-10 00:14:38
4bee51ab7e68b98d,smoke/alpha,passed,2021-05-11 02:07:35,2021-05-11 03:04:27,3412.6,18,772,285,855,64,10,false,author3@example.com,2021-05-11 02:07:35
1112d2017709fafa,smoke/alpha,passed,2021-05-12 04:33:25,2021-05-12 04:40:07,401.6,26,189,281,827,268,5,true,author4@example.com,2021-05-12 04:33:25
fd757a2c07d8b3b0,smoke/alpha,passed,2021-05-13 10:32:17,2021-05-13 10:53:45,1287.8,11,568,166,766,221,10,false,author2@example.com,2021-05-13 10:32:17
1af082c9e3d8328f,smoke/alpha,passed,2021-05-14 11:50:21,2021-05-14 12:03:34,793.7,25,568,381,525,194,7,false,author3@example.com,2021-05-14 11:50:21
877e91d8e228d1c0,smoke/alpha,failed,2021-05-15 05:50:29,2021-05-15 06:07:55,1045.6,1,535,69,623,13,4,true,author1@example.com,2021-05-15 05:50:29
f333c85bd6ee7b38,smoke/alpha,failed,2021-05-16 10:06:36,2021-05-16 10:56:01,2964.3,23,287,283,1052,294,9,true,author0@example.com,2021-05-16 10:06:36
4b01eff03c0e3d62,smoke/alpha,passed,2021-05-17 04:33:47,2021-05-17 04:42:31,524.1,12,601,127,482,141,4,true,author4@example.com,2021-05-17 04:33:47
972f8235cd1cdc97,smoke/alpha,passed,2021-05-18 03:21:38,2021-05-18 04:05:49,2651.3,24,337,247,359,259,9,true,author4@example.com,2021-05-18 03:21:38
ed837f610ea587b6,smoke/alpha,failed,2021-05-19 05:04:03,2021-05-19 05:52:39,2915.8,13,85,399,119,181,5,false,author3@example.com,2021-05-19 05:04:03
0dbaa72f87b0abcc,smoke/alpha,failed,2021-05-20 10:13:50,2021-05-20 11:00:10,2780.3,24,673,308,28,205,0,false,author4@example.com,2021-05-20 10:13:50
dcd2f2016875735d,smoke/alpha,passed,2021-05-21 04:43:29,2021-05-21 04:52:53,564.0,17,719,113,318,35,10,false,author3@example.com,2021-05-21 04:43:29
a9dee4c1662e599a,smoke/alpha,passed,2021-05-22 07:45:32,2021-05-22 07:51:23,351.6,14,301,201,308,77,5,true,author3@example.com,2021-05-22 07:45:32
c0dc43fa05b6affe,smoke/alpha,failed,2021-05-23 08:36:58,2021-05-23 09:01:13,1455.1,3,413,256,894,76,2,false,author4@example.com,2021-05-23 08:36:58
e116f89331b40979,smoke/alpha,passed,2021-05-24 04:59:36,2021-05-24 05:34:06,2069.7,18,635,376,1078,136,3,true,author2@example.com,2021-05-24 04:59:36
8ed43c7a3b528bba,smoke/alpha,passed,2021-05-25 08:18:53,2021-05-25 09:14:22,3329.2,3,120,343,852,226,5,false,author1@example.com,2021-05-25 08:18:53
1d6f147848ae57cf,smoke/alpha,passed,2021-05-26 06:09:49,2021-05-26 06:11:45,116.4,10,178,179,910,84,7,true,author1@example.com,2021-05-26 06:09:49
41f335e4574b86c1,smoke/alpha,passed,2021-05-27 02:33:35,2021-05-27 03:19:10,2735.1,28,92,57,116,134,9,true,author2@example.com,2021-05-27 02:33:35
787a0a4c42bcfcaa,smoke/alpha,passed,2021-05-27 20:43:28,2021-05-27 20:50:36,427.3,15,487,11,684,117,8,true,author1@example.com,2021-05-27 20:43:28
acbabf02a8cc19aa,smoke/alpha,passed,2021-05-28 21:16:54,2021-05-28 21:50:03,1989.2,20,752,72,42,202,9,true,author2@example.com,2021-05-28 21:16:54
14d7c78ca2c0d041,smoke/alpha,passed,2021-05-29 17:19:32,2021-05-29 18:06:59,2847.4,20,282,27,957,14,1,false,author2@example.com,2021-05-29 17:19:32
ea8ec38fd9280bc1,smoke/alpha,passed,2021-05-30 19:16:52,2021-05-30 19:38:48,1316.0,4,24,149,796,128,6,true,author2@example.com,2021-05-30 19:16:52
709a3daa4c4fe319,smoke/alpha,passed,2021-05-31 19:05:50,2021-05-31 19:11:34,344.2,7,517,234,1153,21,0,true,author4@example.com,2021-05-31 19:05:50
af3999a246751606,smoke/alpha,passed,2021-06-01 16:45:23,2021-06-01 17:30:10,2687.5,1,360,350,725,191,10,false,author1@example.com,2021-06-01 16:45:23
11bef76c378a76a1,smoke/alpha,passed,2021-06-02 22:42:30,2021-06-02 22:59:25,1014.9,2,645,131,797,25,8,false,author1@example.com,2021-06-02 22:42:30
288b67aab43c6286,smoke/alpha,passed,2021-06-03 18:31:43,2021-06-03 19:11:19,2375.2,3,752,195,1071,126,6,true,author4@example.com,2021-06-03 18:31:43
0953ce6370b78acc,smoke/alpha,passed,2021-06-04 14:21:42,2021-06-04 15:16:20,3277.8,11,464,277,274,115,10,true,author4@example.com,2021-06-04 14:21:42
09c0eae41cc43fa3,smoke/alpha,passed,2021-06-05 14:51:29,2021-06-05 15:43:18,3109.4,10,710,361,1077,79,6,true,author4@example.com,2021-06-05 14:51:29
05e4241f209646ba,smoke/alpha,passed,2021-06-06 19:51:48,2021-06-06 20:25:28,2019.7,24,126,94,655,84,0,false,author3@example.com,2021-06-06 19:51:48
b97da6d3e27c15f5,smoke/alpha,passed,2021-06-08 01:23:52,2021-06-08 02:08:43,2691.8,27,657,378,565,87,3,true,author1@example.com,2021-06-08 01:23:52
236a680fb9aedeec,smoke/alpha,passed,2021-06-08 21:36:53,2021-06-08 22:13:47,2214.8,9,625,290,477,128,3,true,author2@example.com,2021-06-08 21:36:53
49422c6fb7a8ccf2,smoke/alpha,passed,2021-06-09 16:34:06,2021-06-09 16:42:35,508.7,28,624,240,770,104,6,false,author3@example.com,2021-06-09 16:34:06
2183542941844d99,smoke/alpha,passed,2021-06-10 12:13:07,2021-06-10 12:15:32,145.1,25,20,138,850,123,10,true,author1@example.com,2021-06-10 12:13:07
7aa43cde0c2315b8,smoke/alpha,passed,2021-06-11 07:00:44,2021-06-11 07:59:52,3548.7,28,636,250,670,244,3,false,author3@example.com,2021-06-11 07:00:44
a729c6225d3eb407,smoke/alpha,passed,2021-06-12 10:19:36,2021-06-12 11:09:09,2972.9,24,325,201,1176,284,8,true,author4@example.com,2021-06-12 10:19:36
99ad11e9610dfc3f,smoke/alpha,passed,2021-06-13 05:38:19,2021-06-13 06:31:02,3163.6,29,256,265,1106,212,0,false,author4@example.com,2021-06-13 05:38:19
7452bc085952d027,smoke/alpha,passed,2021-06-14 08:49:13,2021-06-14 09:01:01,707.8,15,412,155,590,246,2,false,author2@example.com,2021-06-14 08:49:13
85d1d515ba84d21b,smoke/alpha,failed,2021-06-15 10:10:41,2021-06-15 10:41:56,1875.6,5,479,330,930,56,8,true,author1@example.com,2021-06-15 10:10:41
cb5936132325e0ae,smoke/alpha,passed,2021-06-16 13:31:22,2021-06-16 14:13:17,2515.1,5,407,211,667,240,0,true,author3@example.com,2021-06-16 13:31:22
24de85e18662b800,smoke/alpha,passed,2021-06-17 14:36:24,2021-06-17 14:48:55,750.9,15,97,128,668,93,1,true,author0@example.com,2021-06-17 14:36:24
410e1f709cd9f502,smoke/alpha,passed,2021-06-18 17:04:53,2021-06-18 17:10:27,334.5,23,398,372,1052,91,6,false,author0@example.com,2021-06-18 17:04:53
b27989f2f9cd2adf,smoke/alpha,passed,2021-06-19 20:18:02,2021-06-19 20:52:10,2048.8,22,158,83,301,101,0,false,author2@example.com,2021-06-19 20:18:02
48be32570423c30e,smoke/alpha,passed,2021-06-20 18:00:53,2021-06-20 18:27:56,1623.1,21,190,60,274,113,0,false,author0@example.com,2021-06-20 18:00:53
d7e45a47b0c845b1,smoke/alpha,passed,2021-06-21 17:31:06,2021-06-21 18:03:56,1970.3,1,627,252,492,121,9,false,author3@example.com,2021-06-21 17:31:06
78b25229c22f76e6,smoke/alpha,failed,2021-06-22 16:26:25,2021-06-22 17:02:37,2172.4,8,565,142,1146,116,0,true,author1@example.com,2021-06-22 16:26:25
86c596320b48bfe1,smoke/alpha,passed,2021-06-23 11:06:03,2021-06-23 11:15:12,549.0,2,688,295,616,179,1,true,author0@example.com,2021-06-23 11:06:03
e3593c2634e18055,smoke/alpha,passed,2021-06-24 10:06:16,2021-06-24 10:46:45,2429.4,20,681,354,1177,297,2,false,author4@example.com,2021-06-24 10:06:16
07ab338d64e05b6c,smoke/alpha,failed,2021-06-25 08:25:36,2021-06-25 09:11:50,2773.6,11,382,194,143,228,8,true,author2@example.com,2021-06-25 08:25:36
f842f36fe58ac446,smoke/alpha,failed,2021-06-26 08:04:35,2021-06-26 08:56:13,3098.1,11,544,211,1079,117,3,true,author0@example.com,2021-06-26 08:04:35
8b2836f6dc574dae,smoke/alpha,passed,2021-06-27 08:55:58,2021-06-27 09:27:57,1918.3,3,500,370,593,228,9,false,author2@example.com,2021-06-27 08:55:58
c1ffe465b031df02,smoke/alpha,passed,2021-06-28 09:14:15,2021-06-28 09:35:49,1293.3,5,634,288,1021,276,10,false,author3@example.com,2021-06-28 09:14:15
0fbdb480aa39bb68,smoke/alpha,passed,2021-06-29 12:56:00,2021-06-29 13:10:21,860.8,10,203,0,247,22,7,true,author1@example.com,2021-06-29 12:56:00
ab2e7ec80662449c,smoke/alpha,passed,2021-06-30 16:31:41,2021-06-30 16:56:49,1508.1,11,363,286,439,15,10,true,author2@example.com,2021-06-30 16:31:41
20d3d4cd7b5462a8,smoke/alpha,failed,2021-07-01 13:34:52,2021-07-01 13:53:14,1102.0,18,336,392,17,68,10,false,author2@example.com,2021-07-01 13:34:52
9cf712f1e890db68,smoke/alpha,passed,2021-07-02 12:20:01,2021-07-02 13:17:39,3457.6,27,184,99,681,183,10,false,author3@example.com,2021-07-02 12:20:01
67d5cf6c64c622b6,smoke/alpha,passed,2021-07-03 15:54:03,2021-07-03 16:23:12,1748.9,21,476,274,691,246,6,true,author4@example.com,2021-07-03 15:54:03
fec8cba21c12668a,smoke/alpha,passed,2021-07-04 13:29:34,2021-07-04 13:48:51,1156.3,18,24,106,1187,179,5,true,author1@example.com,2021-07-04 13:29:34
1a9f4b8bee995b0f,smoke/alpha,failed,2021-07-05 10:51:30,2021-07-05 11:50:32,3541.5,21,552,84,1174,209,2,true,author2@example.com,2021-07-05 10:51:30
eceb41c89dcdb0c4,smoke/alpha,passed,2021-07-06 13:19:18,2021-07-06 13:21:41,142.9,14,93,254,491,200,7,false,author1@example.com,2021-07-06 13:19:18
27afb5949a8722e4,smoke/alpha,passed,2021-07-07 13:37:22,2021-07-07 14:00:08,1366.0,2,211,47,913,269,0,false,author4@example.com,2021-07-07 13:37:22
8e50dbe952fa7266,smoke/alpha,passed,2021-07-08 09:28:18,2021-07-08 09:57:34,1756.0,28,541,158,675,83,1,true,author1@example.com,2021-07-08 09:28:18
d491024daca5c92d,smoke/alpha,passed,2021-07-09 12:10:00,2021-07-09 12:52:58,2577.8,17,123,2,641,32,10,true,author2@example.com,2021-07-09 12:10:00
0dc0c2738e4cd51b,smoke/alpha,failed,2021-07-10 11:46:09,2021-07-10 12:17:37,1888.5,22,768,159,51,169,10,true,author2@example.com,2021-07-10 11:46:09
244cb8d6c78931cb,smoke/alpha,passed,2021-07-11 08:10:33,2021-07-11 08:42:43,1930.2,25,456,343,245,149,2,true,author2@example.com,2021-07-11 08:10:33
841d8ccfddef1cdc,smoke/alpha,passed,2021-07-12 03:32:58,2021-07-12 04:06:45,2027.9,4,216,277,722,291,5,false,author1@example.com,2021-07-12 03:32:58
fd6d1711f8e6eb70,smoke/alpha,passed,2021-07-13 08:52:07,2021-07-13 09:26:47,2079.5,6,77,159,698,286,7,true,author1@example.com,2021-07-13 08:52:07
32df4c34da9d107f,smoke/alpha,passed,2021-07-14 03:13:00,2021-07-14 03:16:30,210.1,13,60,44,878,210,2,false,author4@example.com,2021-07-14 03:13:00
584de0a130fbde6d,smoke/alpha,passed,2021-07-15 01:29:03,2021-07-15 01:41:20,737.4,25,691,273,165,248,9,true,author0@example.com,2021-07-15 01:29:03
bf053d2d9781f954,smoke/alpha,passed,2021-07-16 05:14:18,2021-07-16 05:42:39,1701.7,15,322,350,958,250,3,true,author1@example.com,2021-07-16 05:14:18
b2e64ccb2778f389,smoke/alpha,passed,2021-07-17 09:34:17,2021-07-17 10:29:06,3288.9,13,192,358,681,176,7,false,author0@example.com,2021-07-17 09:34:17
68dabf45bbec667a,smoke/alpha,failed,2021-07-18 04:21:21,2021-07-18 04:50:20,1738.8,28,179,144,718,75,8,true,author3@example.com,2021-07-18 04:21:21
1a33a7e0210c6b27,smoke/alpha,passed,2021-07-19 08:09:59,2021-07-19 08:29:53,1193.4,21,77,154,1096,246,6,false,author1@example.com,2021-07-19 08:09:59
683059ca367497af,smoke/alpha,passed,2021-07-20 09:37:01,2021-07-20 10:35:28,3506.8,13,72,174,431,230,6,false,author4@example.com,2021-07-20 09:37:01
cf1d350cba4c793d,smoke/alpha,passed,2021-07-21 11:56:47,2021-07-21 12:37:08,2420.5,24,733,293,1001,68,9,false,author2@example.com,2021-07-21 11:56:47
3344482e1a24ecb5,smoke/alpha,passed,2021-07-22 12:36:27,2021-07-22 12:47:26,658.9,13,76,306,227,204,5,false,author0@example.com,2021-07-22 12:36:27
24ea619765592e8f,smoke/alpha,passed,2021-07-23 07:41:38,2021-07-23 08:34:56,3197.5,29,778,325,5,85,10,true,author3@example.com,2021-07-23 07:41:38
987aa15ad355db24,smoke/alpha,passed,2021-07-24 08:04:09,2021-07-24 08:39:02,2093.2,7,215,348,653,163,9,false,author3@example.com,2021-07-24 08:04:09
4780083e1f61c437,smoke/alpha,passed,2021-07-25 10:40:57,2021-07-25 11:40:22,3565.3,19,13,313,1050,216,2,false,author0@example.com,2021-07-25 10:40:57
81de692602566967,smoke/alpha,passed,2021-07-26 09:06:48,2021-07-26 09:10:27,219.7,23,578,183,229,154,0,true,author3@example.com,2021-07-26 09:06:48
12f438584855fb66,smoke/alpha,passed,2021-07-27 11:32:24,2021-07-27 11:51:49,1165.7,13,420,195,896,289,3,true,author3@example.com,2021-07-27 11:32:24
5df51146d3d50ba5,smoke/alpha,passed,2021-07-28 07:12:31,2021-07-28 08:03:12,3040.7,12,432,78,595,74,2,true,author0@example.com,2021-07-28 07:12:31
c9ab70875193a446,smoke/alpha,failed,2021-07-29 08:59:22,2021-07-29 09:52:31,3189.1,22,452,69,178,80,10,false,author3@example.com,2021-07-29 08:59:22
bef8d5cf470eda30,smoke/alpha,passed,2021-07-30 13:42:45,2021-07-30 14:38:36,3351.2,20,189,232,1048,227,8,false,author3@example.com,2021-07-30 13:42:45
d737ec51f3712f2a,smoke/alpha,passed,2021-07-31 11:58:34,2021-07-31 12:35:02,2188.3,19,515,374,489,266,4,false,author4@example.com,2021-07-31 11:58:34
aa357365339b67f3,smoke/alpha,failed,2021-08-01 12:53:32,2021-08-01 12:56:17,165.2,16,726,188,236,256,1,true,author4@example.com,2021-08-01 12:53:32
addc6977f19b4c42,smoke/alpha,passed,2021-08-02 18:41:43,2021-08-02 19:28:33,2810.6,15,534,40,1076,55,3,false,author0@example.com,2021-08-02 18:41:43
effb4d80cb959904,smoke/alpha,passed,2021-08-03 20:54:15,2021-08-03 21:29:14,2099.3,20,59,175,1100,15,7,false,author4@example.com,2021-08-03 20:54:15
75bace7d455d267e,smoke/alpha,passed,2021-08-05 01:46:36,2021-08-05 02:06:50,1213.5,12,306,148,348,28,9,false,author4@example.com,2021-08-05 01:46:36
50be472f2205080f,smoke/alpha,passed,2021-08-05 22:54:08,2021-08-05 23:29:02,2094.0,19,57,336,602,23,4,false,author0@example.com,2021-08-05 22:54:08
63f0ed350dddab1d,smoke/alpha,failed,2021-08-06 18:25:26,2021-08-06 19:12:34,2828.0,9,140,315,580,150,4,true,author0@example.com,2021-08-06 18:25:26
85426c680920b312,smoke/alpha,passed,2021-08-07 19:40:11,2021-08-07 20:24:39,2668.1,22,462,189,364,143,3,false,author1@example.com,2021-08-07 19:40:11
4f560792b13fdff8,smoke/alpha,passed,2021-08-08 23:15:44,2021-08-08 23:36:38,1254.0,3,153,304,320,263,6,false,author1@example.com,2021-08-08 23:15:44
3398d422c481fb1b,smoke/alpha,passed,2021-08-10 01:11:25,2021-08-10 01:21:52,627.2,19,756,176,116,145,1,true,author1@example.com,2021-08-10 01:11:25
1a35b9ab6a96ef35,smoke/alpha,passed,2021-08-11 00:45:30,2021-08-11 01:14:21,1730.3,25,550,119,782,209,7,false,author1@example.com,2021-08-11 00:45:30
e127be5d5fae6bc4,smoke/alpha,passed,2021-08-12 01:07:26,2021-08-12 01:25:07,1061.0,26,464,195,651,281,10,true,author0@example.com,2021-08-12 01:07:26
e9d0d96e61f5af3a,smoke/alpha,passed,2021-08-13 06:08:11,2021-08-13 07:05:34,3443.6,14,630,333,563,181,4,false,author0@example.com,2021-08-13 06:08:11
fc22bb0f92ef1e25,smoke/alpha,passed,2021-08-14 03:12:02,2021-08-14 03:39:58,1676.2,22,772,123,404,276,5,true,author2@example.com,2021-08-14 03:12:02
bd30c397220ed8b1,smoke/alpha,passed,2021-08-15 03:46:18,2021-08-15 04:36:18,2999.1,1,426,50,1080,63,10,false,author2@example.com,2021-08-15 03:46:18
283660ff1f117fb0,smoke/alpha,passed,2021-08-16 00:24:17,2021-08-16 00:36:17,719.3,1,639,47,121,121,9,true,author0@example.com,2021-08-16 00:24:17
9106da3713c032eb,smoke/alpha,passed,2021-08-16 19:26:29,2021-08-16 19:49:21,1372.2,25,668,289,383,66,2,false,author2@example.com,2021-08-16 19:26:29
0b54bffa8b740410,smoke/beta,passed,2020-01-01 00:00:00,2020-01-01 00:38:30,2310.4,30,288,393,879,175,4,true,author0@example.com,2020-01-01 00:00:00
5bad93059b1f5995,smoke/beta,failed,2020-01-01 21:19:38,2020-01-01 21:43:16,1417.3,2,269,135,369,235,1,false,author1@example.com,2020-01-01 21:19:38
62ff3872e7dbc137,smoke/beta,failed,2020-01-02 22:39:03,2020-01-02 23:08:50,1786.6,5,558,393,888,121,9,true,author3@example.com,2020-01-02 22:39:03
d30a3247bbca7dc5,smoke/beta,failed,2020-01-04 01:14:09,2020-01-04 01:18:59,290.3,19,750,128,918,19,7,true,author0@example.com,2020-01-04 01:14:09
9cf1b70f851bae92,smoke/beta,passed,2020-01-05 06:25:50,2020-01-05 06:42:11,981.2,23,342,200,1181,11,8,false,author3@example.com,2020-01-05 06:25:50
a7f036ee7e48edf7,smoke/beta,passed,2020-01-06 05:39:47,2020-01-06 06:26:45,2817.9,26,76,276,467,11,6,false,author0@example.com,2020-01-06 05:39:47
f27785a8aa145bb9,smoke/beta,passed,2020-01-07 06:28:12,2020-01-07 06:50:04,1311.3,22,315,205,118,56,5,false,author0@example.com,2020-01-07 06:28:12
2a2278511ab81e8f,smoke/beta,passed,2020-01-08 10:33:51,2020-01-08 10:51:36,1065.2,7,185,283,85,206,10,true,author2@example.com,2020-01-08 10:33:51
6238c5f31278c67c,smoke/beta,passed,2020-01-09 12:54:53,2020-01-09 13:32:55,2281.3,12,503,43,901,107,2,true,author1@example.com,2020-01-09 12:54:53
30d64dcb03abc120,smoke/beta,passed,2020-01-10 07:13:09,2020-01-10 07:27:51,881.4,13,69,276,635,265,8,false,author0@example.com,2020-01-10 07:13:09
ef4be3874286b751,smoke/beta,failed,2020-01-11 01:39:49,2020-01-11 02:27:12,2842.4,2,420,60,438,277,7,true,author4@example.com,2020-01-11 01:39:49
1dd8fcca83cced52,smoke/beta,failed,2020-01-11 22:27:34,2020-01-11 23:11:50,2655.6,16,674,9,970,33,3,true,author0@example.com,2020-01-11 22:27:34
120d36277d9e9d72,smoke/beta,failed,2020-01-12 18:31:36,2020-01-12 18:50:23,1127.2,26,104,233,354,42,1,true,author3@example.com,2020-01-12 18:31:36
7f0640fd7a795c78,smoke/beta,passed,2020-01-13 19:39:59,2020-01-13 19:44:14,255.3,7,441,172,828,176,1,true,author2@example.com,2020-01-13 19:39:59
3d8be2696e8f0810,smoke/beta,passed,2020-01-14 23:42:12,2020-01-15 00:28:11,2758.3,19,182,171,134,71,4,true,author3@example.com,2020-01-14 23:42:12
e51265d6c71e014d,smoke/beta,passed,2020-01-15 19:43:12,2020-01-15 19:53:31,619.1,8,600,20,278,61,10,false,author1@example.com,2020-01-15 19:43:12
0f4aee2f39b4d726,smoke/beta,passed,2020-01-16 13:54:27,2020-01-16 13:55:20,52.7,6,96,361,586,223,7,true,author1@example.com,2020-01-16 13:54:27
a92e89a7c4b3f13c,smoke/beta,failed,2020-01-17 09:37:29,2020-01-17 10:04:47,1638.0,8,183,312,82,102,7,true,author2@example.com,2020-01-17 09:37:29
ce119cf3c5759222,smoke/beta,failed,2020-01-18 07:47:56,2020-01-18 08:02:27,871.2,4,547,48,746,286,8,true,author3@example.com,2020-01-18 07:47:56
2a093307974324bb,smoke/beta,passed,2020-01-19 11:02:34,2020-01-19 11:19:31,1016.8,7,120,76,976,264,2,true,author0@example.com,2020-01-19 11:02:34
c578aad323834011,smoke/beta,passed,2020-01-20 05:41:28,2020-01-20 05:54:26,778.2,9,347,315,933,32,1,true,author4@example.com,2020-01-20 05:41:28
d6e882c9475a705a,smoke/beta,passed,2020-01-21 01:48:07,2020-01-21 02:17:28,1761.7,4,77,120,915,176,6,true,author2@example.com,2020-01-21 01:48:07
9b1c67f17eb6067a,smoke/beta,failed,2020-01-21 22:33:45,2020-01-21 22:47:49,843.2,8,760,211,414,202,3,true,author3@example.com,2020-01-21 22:33:45
a44a96f901f7a4e1,smoke/beta,failed,2020-01-22 23:35:01,2020-01-23 00:01:27,1586.0,7,629,232,369,208,5,true,author3@example.com,2020-01-22 23:35:01
98e99cbe2460639c,smoke/beta,passed,2020-01-24 02:13:18,2020-01-24 03:11:50,3512.7,7,348,65,70,40,4,true,author0@example.com,2020-01-24 02:13:18
d65e97af6b8e6ac8,smoke/beta,passed,2020-01-25 06:26:29,2020-01-25 06:37:10,641.2,11,230,151,326,97,9,true,author0@example.com,2020-01-25 06:26:29
147987b74d7d5260,smoke/beta,passed,2020-01-26 05:22:54,2020-01-26 06:14:42,3108.1,7,610,242,952,152,0,false,author1@example.com,2020-01-26 05:22:54
8a7ad5409d1bb4a3,smoke/beta,passed,2020-01-27 02:21:21,2020-01-27 02:35:05,824.0,30,610,76,1179,12,6,true,author0@example.com,2020-01-27 02:21:21
11176604a7429e07,smoke/beta,passed,2020-01-28 08:15:04,2020-01-28 08:45:34,1830.1,14,548,201,986,60,7,false,author1@example.com,2020-01-28 08:15:04
d172725797064df5,smoke/beta,passed,2020-01-29 03:14:53,2020-01-29 03:56:38,2504.6,14,228,67,739,161,3,true,author0@example.com,2020-01-29 03:14:53
d7935d67b25f2b04,smoke/beta,failed,2020-01-30 03:00:20,2020-01-30 03:42:41,2540.8,28,589,382,1200,22,7,false,author1@example.com,2020-01-30 03:00:20
149f907405ecb19c,smoke/beta,passed,2020-01-31 07:29:45,2020-01-31 08:17:15,2849.8,12,646,237,7,46,6,false,author4@example.com,2020-01-31 07:29:45
1ba1fe1c49ddb71d,smoke/beta,passed,2020-02-01 01:53:18,2020-02-01 02:09:52,993.1,20,560,294,429,51,9,false,author0@example.com,2020-02-01 01:53:18
4922b59be95e1e56,smoke/beta,passed,2020-02-02 02:03:55,2020-02-02 02:26:04,1329.4,2,118,196,753,248,9,true,author2@example.com,2020-02-02 02:03:55
0b7bacb5cc664d0d,smoke/beta,passed,2020-02-03 00:27:45,2020-02-03 01:10:11,2546.4,18,731,396,424,80,5,true,author4@example.com,2020-02-03 00:27:45
67e4aef55817db50,smoke/beta,passed,2020-02-03 19:49:31,2020-02-03 20:45:53,3382.8,19,724,107,466,174,5,false,author4@example.com,2020-02-03 19:49:31
8e3b4176b2865f1e,smoke/beta,failed,2020-02-04 21:59:16,2020-02-04 22:03:33,256.2,12,468,248,1031,279,1,false,author4@example.com,2020-02-04 21:59:16
7d9064fb5093d5db,smoke/beta,passed,2020-02-06 00:07:39,2020-02-06 00:25:33,1073.4,20,381,344,139,106,7,true,author0@example.com,2020-02-06 00:07:39
7da01ebe20b1c9c3,smoke/beta,failed,2020-02-06 22:48:57,2020-02-06 23:46:28,3451.0,3,116,84,570,67,2,false,author1@example.com,2020-02-06 22:48:57
1a3019c1ba4ecd47,smoke/beta,passed,2020-02-08 03:18:56,2020-02-08 03:56:46,2269.4,10,431,349,1113,77,7,false,author3@example.com,2020-02-08 03:18:56
fa6e30c7c9130506,smoke/beta,passed,2020-02-09 02:38:31,2020-02-09 02:56:22,1070.7,3,27,118,1069,181,6,false,author2@example.com,2020-02-09 02:38:31
333f457ebc77c59c,smoke/beta,passed,2020-02-10 02:28:33,2020-02-10 03:00:36,1922.7,18,460,234,627,300,2,false,author1@example.com,2020-02-10 02:28:33
157bdca90bb698ba,smoke/beta,failed,2020-02-11 05:56:49,2020-02-11 06:19:27,1357.7,10,793,24,308,190,4,false,author1@example.com,2020-02-11 05:56:49
fb342c32a7a509c0,smoke/beta,failed,2020-02-12 07:22:14,2020-02-12 07:54:35,1941.1,6,184,362,319,92,3,true,author0@example.com,2020-02-12 07:22:14
1f660c771e7f7385,smoke/beta,passed,2020-02-13 13:17:45,2020-02-13 13:44:29,1604.0,12,193,105,1156,27,10,false,author2@example.com,2020-02-13 13:17:45
44544ade7d549ec7,smoke/beta,passed,2020-02-14 09:04:16,2020-02-14 10:02:49,3512.4,18,313,62,56,217,7,true,author3@example.com,2020-02-14 09:04:16
b08287611239dc0c,smoke/beta,failed,2020-02-15 14:12:18,2020-02-15 15:10:31,3493.4,18,524,169,610,252,4,true,author4@example.com,2020-02-15 14:12:18
2aa4523ac9de4151,smoke/beta,passed,2020-02-16 16:56:51,2020-02-16 17:17:30,1239.1,4,754,245,87,81,10,true,author2@example.com,2020-02-16 16:56:51
89add12413cb980c,smoke/beta,passed,2020-02-17 11:14:42,2020-02-17 11:28:19,816.7,12,99,167,117,109,9,true,author2@example.com,2020-02-17 11:14:42
fca39f0533c69741,smoke/beta,failed,2020-02-18 07:35:37,2020-02-18 08:26:39,3062.5,22,692,44,1053,211,3,false,author2@example.com,2020-02-18 07:35:37
13d101e3be8a92c1,smoke/beta,passed,2020-02-19 08:49:54,2020-02-19 08:53:44,230.1,22,374,203,307,228,5,false,author2@example.com,2020-02-19 08:49:54
8a7ff30760d82524,smoke/beta,failed,2020-02-20 02:58:41,2020-02-20 03:17:30,1129.9,15,579,44,446,237,6,false,author2@example.com,2020-02-20 02:58:41
f2fb45e4d5611950,smoke/beta,passed,2020-02-20 22:56:36,2020-02-20 23:50:31,3234.9,24,429,71,181,83,3,false,author3@example.com,2020-02-20 22:56:36
e4b8f0b5c0f05655,smoke/beta,passed,2020-02-22 04:48:14,2020-02-22 05:08:42,1227.4,30,609,387,774,55,0,false,author2@example.com,2020-02-22 04:48:14
b40d01cfa84d235d,smoke/beta,passed,2020-02-23 03:46:41,2020-02-23 04:29:27,2565.6,25,145,102,385,205,4,false,author0@example.com,2020-02-23 03:46:41
bcb2d50986d7a7dc,smoke/beta,failed,2020-02-24 07:39:06,2020-02-24 08:14:26,2119.2,16,577,378,954,124,0,true,author1@example.com,2020-02-24 07:39:06
b7c6ec85901ccb40,smoke/beta,passed,2020-02-25 04:48:14,2020-02-25 05:38:22,3008.2,16,132,334,594,223,2,false,author1@example.com,2020-02-25 04:48:14
5f162a2aa89f97b5,smoke/beta,passed,2020-02-25 23:08:43,2020-02-25 23:38:33,1790.2,3,618,381,745,256,9,false,author2@example.com,2020-02-25 23:08:43
2175303e80f2de44,smoke/beta,passed,2020-02-27 00:40:52,2020-02-27 01:22:41,2508.5,4,387,262,1183,18,4,true,author4@example.com,2020-02-27 00:40:52
47e81f9051b291b1,smoke/beta,failed,2020-02-27 19:23:00,2020-02-27 20:15:45,3165.6,5,370,83,113,149,5,false,author2@example.com,2020-02-27 19:23:00
a7fd3357f2dc6f00,smoke/beta,failed,2020-02-28 13:58:04,2020-02-28 14:36:35,2311.0,3,531,99,380,58,9,true,author4@example.com,2020-02-28 13:58:04
4b3c9c96e0fd9fcb,smoke/beta,failed,2020-02-29 11:50:21,2020-02-29 12:41:07,3046.6,26,313,138,747,59,8,false,author1@example.com,2020-02-29 11:50:21
a482b314f77f57d1,smoke/beta,passed,2020-03-01 05:59:38,2020-03-01 06:22:20,1361.7,16,426,174,338,62,3,true,author4@example.com,2020-03-01 05:59:38
a19b1718afd7337c,smoke/beta,failed,2020-03-02 02:38:50,2020-03-02 03:32:43,3232.5,20,711,269,1094,292,1,false,author3@example.com,2020-03-02 02:38:50
c77c8a6043f5e318,smoke/beta,failed,2020-03-03 07:38:23,2020-03-03 07:46:41,498.5,1,496,178,643,195,2,false,author4@example.com,2020-03-03 07:38:23
b1f7db44d5f2c067,smoke/beta,passed,2020-03-04 07:55:02,2020-03-04 08:05:46,644.8,10,34,381,247,123,2,true,author1@example.com,2020-03-04 07:55:02
380221500ea57285,smoke/beta,failed,2020-03-05 05:36:22,2020-03-05 06:35:15,3532.6,14,712,390,233,49,0,false,author3@example.com,2020-03-05 05:36:22
0272afacef233e44,smoke/beta,failed,2020-03-06 00:06:59,2020-03-06 00:54:40,2861.2,17,612,30,965,70,4,true,author0@example.com,2020-03-06 00:06:59
fcea8b2111643c1b,smoke/beta,failed,2020-03-06 21:44:10,2020-03-06 21:50:25,374.5,4,621,105,414,104,10,false,author0@example.com,2020-03-06 21:44:10
4a8e39720c86593a,smoke/beta,passed,2020-03-07 16:49:32,2020-03-07 17:46:04,3392.4,19,361,180,333,266,9,true,author4@example.com,2020-03-07 16:49:32
80c757ab9c905c83,smoke/beta,failed,2020-03-08 17:40:06,2020-03-08 18:15:00,2093.9,1,546,111,397,154,2,true,author0@example.com,2020-03-08 17:40:06
febef3ebd8656305,smoke/beta,passed,2020-03-09 22:45:33,2020-03-09 23:36:42,3069.1,16,380,357,384,235,10,true,author1@example.com,2020-03-09 22:45:33
c6f09eb1326ebb61,smoke/beta,passed,2020-03-11 02:46:34,2020-03-11 03:12:18,1544.0,17,238,208,236,170,1,false,author0@example.com,2020-03-11 02:46:34
c54b5e79a8defabb,smoke/beta,passed,2020-03-12 03:00:46,2020-03-12 03:22:46,1319.7,10,575,369,88,52,5,false,author0@example.com,2020-03-12 03:00:46
5572c425155bbe01,smoke/beta,passed,2020-03-13 01:37:49,2020-03-13 02:22:07,2658.1,22,459,115,1139,218,4,false,author1@example.com,2020-03-13 01:37:49
9bd908e3df25fab6,smoke/beta,passed,2020-03-14 05:54:41,2020-03-14 06:42:56,2894.7,22,381,91,31,261,10,true,author3@example.com,2020-03-14 05:54:41
75602318fb9b0e65,smoke/beta,passed,2020-03-15 05:10:05,2020-03-15 05:15:39,333.5,5,409,205,213,96,1,false,author1@example.com,2020-03-15 05:10:05
ad74efe40a168887,smoke/beta,passed,2020-03-16 03:13:54,2020-03-16 04:13:21,3566.7,4,243,217,1027,152,9,false,author3@example.com,2020-03-16 03:13:54
4934ee63e38de907,smoke/beta,passed,2020-03-17 01:30:18,2020-03-17 02:27:20,3422.0,16,528,142,306,242,1,true,author2@example.com,2020-03-17 01:30:18
1be7418ae3743585,smoke/beta,failed,2020-03-18 01:22:37,2020-03-18 02:19:12,3394.4,1,106,377,113,44,7,true,author1@example.com,2020-03-18 01:22:37
c888da29d261e759,smoke/beta,passed,2020-03-18 23:58:07,2020-03-19 00:07:42,575.3,20,643,49,161,276,7,false,author1@example.com,2020-03-18 23:58:07
f4b811fdd42b1d0b,smoke/beta,passed,2020-03-19 21:29:29,2020-03-19 22:00:01,1832.1,18,356,276,1124,19,0,false,author0@example.com,2020-03-19 21:29:29
771ccc58d1c39627,smoke/beta,failed,2020-03-20 20:05:42,2020-03-20 20:28:35,1373.5,15,41,16,367,295,10,false,author1@example.com,2020-03-20 20:05:42
e6ce74291bfb8d6d,smoke/beta,failed,2020-03-21 19:59:34,2020-03-21 20:42:39,2585.1,16,787,56,1170,261,10,false,author3@example.com,2020-03-21 19:59:34
662fded237668ca5,smoke/beta,failed,2020-03-22 20:44:23,2020-03-22 20:48:12,229.0,9,511,302,778,190,4,false,author0@example.com,2020-03-22 20:44:23
1699618e7eba2ba3,smoke/beta,failed,2020-03-23 15:04:39,2020-03-23 15:54:57,3017.9,12,764,298,60,184,6,true,author3@example.com,2020-03-23 15:04:39
5aa2c49f4aacd94f,smoke/beta,passed,2020-03-24 13:13:09,2020-03-24 13:34:33,1284.0,22,255,126,485,169,9,true,author0@example.com,2020-03-24 13:13:09
0848df2ac8e7ce44,smoke/beta,failed,2020-03-25 17:38:47,2020-03-25 17:49:23,636.1,18,338,19,948,226,9,false,author2@example.com,2020-03-25 17:38:47
b8cc38a4473c0306,smoke/beta,passed,2020-03-26 11:53:29,2020-03-26 11:55:18,109.4,11,391,292,804,175,9,true,author3@example.com,2020-03-26 11:53:29
dd2f411323f21612,smoke/beta,passed,2020-03-27 07:05:31,2020-03-27 07:26:01,1229.4,17,788,341,700,95,9,false,author2@example.com,2020-03-27 07:05:31
473032950df467bb,smoke/beta,failed,2020-03-28 12:43:30,2020-03-28 13:21:49,2298.5,26,82,274,443,157,4,true,author2@example.com,2020-03-28 12:43:30
89ecfd004c30899d,smoke/beta,passed,2020-03-29 18:40:47,2020-03-29 18:54:44,836.4,24,99,367,1189,58,9,false,author2@example.com,2020-03-29 18:40:47
385ea9ad8a2e6ad8,smoke/beta,passed,2020-03-30 13:29:13,2020-03-30 13:58:00,1726.7,7,360,39,623,268,4,false,author4@example.com,2020-03-30 13:29:13
615c48c3f4ed3227,smoke/beta,passed,2020-03-31 11:14:50,2020-03-31 11:30:17,927.0,17,469,343,1126,102,0,true,author4@example.com,2020-03-31 11:14:50
a539664cfb7842c4,smoke/beta,passed,2020-04-01 11:14:16,2020-04-01 12:03:47,2971.4,15,279,326,1096,232,9,true,author4@example.com,2020-04-01 11:14:16
c0c49b0e1fc1f0eb,smoke/beta,passed,2020-04-02 07:38:44,2020-04-02 07:53:32,888.1,24,706,391,619,232,6,false,author0@example.com,2020-04-02 07:38:44
a0fa709d4be7a901,smoke/beta,passed,2020-04-03 09:15:10,2020-04-03 09:31:33,983.0,10,666,82,530,130,6,true,author0@example.com,2020-04-03 09:15:10
0788830ac159f7b3,smoke/beta,failed,2020-04-04 05:03:08,2020-04-04 05:51:03,2875.4,10,480,248,1151,233,6,true,author1@example.com,2020-04-04 05:03:08
68847820698a3a5c,smoke/beta,failed,2020-04-05 00:57:52,2020-04-05 01:13:45,952.5,26,289,337,1132,100,10,true,author3@example.com,2020-04-05 00:57:52
2712f5ac38821839,smoke/beta,failed,2020-04-06 04:21:05,2020-04-06 05:14:55,3230.5,11,621,152,135,218,5,true,author3@example.com,2020-04-06 04:21:05
99cc6b88f83e6da9,smoke/beta,passed,2020-04-07 09:40:09,2020-04-07 09:49:01,531.8,4,589,376,1029,71,8,false,author3@example.com,2020-04-07 09:40:09
ec334526d2cf0544,smoke/beta,failed,2020-04-08 14:17:03,2020-04-08 14:24:49,466.5,26,325,168,803,130,6,true,author1@example.com,2020-04-08 14:17:03
03f071e813f5a46d,smoke/beta,failed,2020-04-09 09:33:57,2020-04-09 09:50:47,1010.1,14,265,301,119,261,8,false,author0@example.com,2020-04-09 09:33:57
20eee16c57841d98,smoke/beta,passed,2020-04-10 07:21:49,2020-04-10 08:02:57,2467.4,9,153,185,978,198,4,true,author4@example.com,2020-04-10 07:21:49
f6eb019435ce6bce,smoke/beta,passed,2020-04-11 01:46:53,2020-04-11 02:34:55,2882.2,2,712,343,495,139,8,false,author2@example.com,2020-04-11 01:46:53
03542aa3c59ff557,smoke/beta,passed,2020-04-12 03:26:56,2020-04-12 04:21:10,3254.3,22,129,273,489,236,6,true,author3@example.com,2020-04-12 03:26:56
6acf621d1463c1d0,smoke/beta,passed,2020-04-13 08:34:44,2020-04-13 08:53:08,1104.2,30,779,120,614,117,2,false,author2@example.com,2020-04-13 08:34:44
20879dd800dc58cb,smoke/beta,passed,2020-04-14 13:07:57,2020-04-14 13:32:37,1480.5,2,285,41,1011,251,6,false,author3@example.com,2020-04-14 13:07:57
d08dfbb1e67ec09d,smoke/beta,passed,2020-04-15 17:39:13,2020-04-15 18:28:46,2973.1,23,272,259,140,190,6,false,author3@example.com,2020-04-15 17:39:13
e950105139f69a16,smoke/beta,passed,2020-04-16 19:59:46,2020-04-16 20:38:26,2319.7,6,650,227,283,11,6,true,author2@example.com,2020-04-16 19:59:46
ca73abada4e01c65,smoke/beta,failed,2020-04-17 17:45:39,2020-04-17 17:55:32,593.4,17,735,393,271,220,5,false,author3@example.com,2020-04-17 17:45:39
2b39d437d70c91de,smoke/beta,failed,2020-04-18 22:14:34,2020-04-18 22:25:24,649.3,19,340,144,411,53,6,false,author1@example.com,2020-04-18 22:14:34
66b5d72146598bb5,smoke/beta,passed,2020-04-19 20:57:53,2020-04-19 21:48:03,3009.8,19,234,10,52,295,10,true,author0@example.com,2020-04-19 20:57:53
8e8348d68db9d4dd,smoke/beta,failed,2020-04-21 02:39:16,2020-04-21 03:21:29,2533.5,6,55,205,883,143,2,true,author2@example.com,2020-04-21 02:39:16
7106dd735e9dc183,smoke/beta,passed,2020-04-21 22:41:45,2020-04-21 22:43:05,80.4,17,450,395,934,263,1,true,author1@example.com,2020-04-21 22:41:45
f849e347ab5f919c,smoke/beta,passed,2020-04-22 18:58:56,2020-04-22 19:45:59,2822.2,10,769,253,787,76,6,true,author4@example.com,2020-04-22 18:58:56
46437c3556992775,smoke/beta,passed,2020-04-23 15:34:09,2020-04-23 16:17:53,2624.3,7,433,92,841,84,0,false,author2@example.com,2020-04-23 15:34:09
3ae7fc777bb534f8,smoke/beta,passed,2020-04-24 12:23:42,2020-04-24 12:38:58,916.5,19,705,331,943,53,0,false,author1@example.com,2020-04-24 12:23:42
d71e6d2017788df4,smoke/beta,passed,2020-04-25 16:51:08,2020-04-25 17:15:18,1449.3,7,735,196,871,141,1,true,author4@example.com,2020-04-25 16:51:08
106f499f401af7fa,smoke/beta,failed,2020-04-26 11:33:26,2020-04-26 11:47:55,868.4,30,367,310,98,12,4,false,author2@example.com,2020-04-26 11:33:26
4e607fd020735aec,smoke/beta,passed,2020-04-27 17:17:15,2020-04-27 17:25:37,502.1,29,577,21,1193,101,4,true,author4@example.com,2020-04-27 17:17:15
14e2be4a1dcd2fec,smoke/beta,failed,2020-04-28 17:12:06,2020-04-28 17:40:27,1701.1,3,329,363,1091,231,2,false,author0@example.com,2020-04-28 17:12:06
ce358695949e0ef4,smoke/beta,passed,2020-04-29 14:57:39,2020-04-29 15:27:51,1812.2,27,292,382,743,230,4,false,author4@example.com,2020-04-29 14:57:39
d3baf77c2988aabc,smoke/beta,passed,2020-04-30 18:54:58,2020-04-30 19:26:13,1875.6,14,173,161,1011,87,8,false,author0@example.com,2020-04-30 18:54:58
0db2f6de7e08ed0e,smoke/beta,failed,2020-05-01 15:10:59,2020-05-01 15:22:23,683.8,16,271,83,961,233,1,false,author0@example.com,2020-05-01 15:10:59
995da2caba3b389f,smoke/beta,passed,2020-05-02 14:28:53,2020-05-02 15:02:45,2032.3,15,509,57,308,73,5,true,author1@example.com,2020-05-02 14:28:53
5738af8818e1fa9c,smoke/beta,failed,2020-05-03 18:53:58,2020-05-03 19:04:28,630.8,17,284,288,439,12,8,true,author3@example.com,2020-05-03 18:53:58
363578ada2ca0774,smoke/beta,failed,2020-05-04 23:56:39,2020-05-05 00:26:48,1808.3,4,341,13,587,72,6,false,author4@example.com,2020-05-04 23:56:39
ee3400cfc613ef7b,smoke/beta,failed,2020-05-06 05:05:39,2020-05-06 05:25:24,1185.0,1,88,235,987,242,10,false,author4@example.com,2020-05-06 05:05:39
0ef6ecbea1b2da02,smoke/beta,failed,2020-05-07 06:59:25,2020-05-07 07:02:31,186.5,20,468,166,1170,76,3,true,author2@example.com,2020-05-07 06:59:25
2c9e9ac8f6b54ded,smoke/beta,failed,2020-05-08 04:52:06,2020-05-08 04:56:48,282.5,20,395,47,821,140,2,true,author3@example.com,2020-05-08 04:52:06
994ff1a07791e9f8,smoke/beta,passed,2020-05-08 23:56:18,2020-05-09 00:06:30,611.7,25,417,145,320,71,4,false,author3@example.com,2020-05-08 23:56:18
1171d287eb63c0d0,smoke/beta,passed,2020-05-10 02:46:09,2020-05-10 03:40:25,3256.3,20,139,183,201,198,8,true,author3@example.com,2020-05-10 02:46:09
d9925854aebd1a9b,smoke/beta,passed,2020-05-11 02:06:52,2020-05-11 02:23:20,988.5,20,438,46,870,198,9,true,author3@example.com,2020-05-11 02:06:52
b7906421d7d24fd1,smoke/beta,failed,2020-05-12 03:40:58,2020-05-12 04:12:00,1862.6,15,697,114,322,263,8,true,author2@example.com,2020-05-12 03:40:58
0c4ee0b7cefbe7a4,smoke/beta,failed,2020-05-13 03:18:05,2020-05-13 04:06:16,2891.5,10,157,65,620,137,8,false,author2@example.com,2020-05-13 03:18:05
7d79e1fb9e92e6a7,smoke/beta,passed,2020-05-14 04:07:25,2020-05-14 05:02:30,3304.8,17,115,261,875,221,1,false,author4@example.com,2020-05-14 04:07:25
58a75b8b6a47cc67,smoke/beta,passed,2020-05-15 07:52:39,2020-05-15 08:28:00,2120.5,25,520,8,238,246,2,true,author3@example.com,2020-05-15 07:52:39
861b4c20d258c39d,smoke/beta,passed,2020-05-16 02:25:15,2020-05-16 03:07:39,2544.6,11,606,370,936,240,9,false,author2@example.com,2020-05-16 02:25:15
061f161d4fe09de6,smoke/beta,passed,2020-05-17 08:01:17,2020-05-17 08:12:55,698.3,6,85,382,536,64,6,true,author0@example.com,2020-05-17 08:01:17
2496dd3a31e33a63,smoke/beta,failed,2020-05-18 06:45:38,2020-05-18 07:25:09,2371.2,15,713,207,1001,165,9,false,author3@example.com,2020-05-18 06:45:38
f178af5fe2eb04f5,smoke/beta,failed,2020-05-19 10:24:59,2020-05-19 10:33:31,512.4,7,119,8,390,23,3,false,author1@example.com,2020-05-19 10:24:59
c477aff477525b98,smoke/beta,passed,2020-05-20 12:12:47,2020-05-20 12:50:32,2265.0,26,556,97,181,164,7,true,author3@example.com,2020-05-20 12:12:47
5cd644c21cb012c2,smoke/beta,failed,2020-05-21 11:16:33,2020-05-21 12:10:44,3251.6,24,724,227,998,251,0,false,author4@example.com,2020-05-21 11:16:33
786e9d900a3cc337,smoke/beta,failed,2020-05-22 08:11:14,2020-05-22 09:01:05,2991.1,13,57,170,21,62,10,false,author3@example.com,2020-05-22 08:11:14
9eb957ef8af3c517,smoke/beta,passed,2020-05-23 12:22:14,2020-05-23 12:58:11,2157.1,18,302,18,1003,214,7,false,author1@example.com,2020-05-23 12:22:14
8cce780d8b108155,smoke/beta,passed,2020-05-24 14:56:32,2020-05-24 15:22:08,1536.6,11,571,32,553,223,7,true,author3@example.com,2020-05-24 14:56:32
61c3376a829bd31d,smoke/beta,passed,2020-05-25 16:24:52,2020-05-25 16:52:03,1630.5,14,26,82,594,108,7,false,author3@example.com,2020-05-25 16:24:52
f8ca9bbe3d3ca4d6,smoke/beta,failed,2020-05-26 13:11:59,2020-05-26 14:06:34,3275.4,11,621,366,964,77,4,false,author3@example.com,2020-05-26 13:11:59
9007fce666631ccb,smoke/beta,passed,2020-05-27 17:11:48,2020-05-27 17:56:01,2652.5,26,488,82,429,154,1,false,author1@example.com,2020-05-27 17:11:48
5eac2d5a27569a8e,smoke/beta,failed,2020-05-28 13:16:34,2020-05-28 13:46:21,1787.1,26,430,252,626,130,3,true,author0@example.com,2020-05-28 13:16:34
3438c3e372294fa7,smoke/beta,failed,2020-05-29 11:34:54,2020-05-29 12:15:41,2446.6,6,520,16,135,182,6,true,author4@example.com,2020-05-29 11:34:54
614b16eed13f67c9,smoke/beta,passed,2020-05-30 08:18:07,2020-05-30 08:47:33,1766.3,11,368,393,100,295,4,true,author4@example.com,2020-05-30 08:18:07
11e7aceb508f9391,smoke/beta,failed,2020-05-31 09:33:12,2020-05-31 09:36:42,210.0,15,473,386,232,64,9,true,author4@example.com,2020-05-31 09:33:12
0dc809c8a1bed8de,smoke/beta,failed,2020-06-01 04:03:25,2020-06-01 04:41:24,2278.8,28,215,185,326,159,7,false,author0@example.com,2020-06-01 04:03:25
e349daa51b6d87d8,smoke/beta,passed,2020-06-01 23:54:31,2020-06-02 00:43:45,2954.4,4,211,224,856,13,3,false,author2@example.com,2020-06-01 23:54:31
82a0228d3631629c,smoke/beta,failed,2020-06-02 21:20:59,2020-06-02 21:37:19,979.7,23,777,212,743,135,2,false,author1@example.com,2020-06-02 21:20:59
2375ea44af061601,smoke/beta,passed,2020-06-03 17:00:20,2020-06-03 17:55:28,3307.3,29,474,264,745,25,7,true,author0@example.com,2020-06-03 17:00:20
7f8d117d88e6e377,smoke/beta,passed,2020-06-04 19:37:02,2020-06-04 19:41:40,278.4,11,327,205,341,232,0,false,author0@example.com,2020-06-04 19:37:02
befc04eeb73682ad,smoke/beta,passed,2020-06-05 21:32:21,2020-06-05 22:26:33,3252.0,2,651,365,1069,161,6,false,author4@example.com,2020-06-05 21:32:21
e2b7c7f0a55f0761,smoke/beta,passed,2020-06-07 02:01:18,2020-06-07 02:20:28,1149.9,12,13,143,1085,85,6,false,author1@example.com,2020-06-07 02:01:18
cc861c6ae74ae3f0,smoke/beta,passed,2020-06-08 06:40:22,2020-06-08 07:17:39,2236.9,15,719,176,833,111,4,true,author0@example.com,2020-06-08 06:40:22
991f75455f6b92b4,smoke/beta,passed,2020-06-09 07:07:19,2020-06-09 07:50:35,2596.4,29,134,266,1112,155,3,true,author4@example.com,2020-06-09 07:07:19
2ca4b0e2f081ffee,smoke/beta,passed,2020-06-10 07:44:36,2020-06-10 08:30:09,2732.7,6,28,14,1110,142,3,false,author3@example.com,2020-06-10 07:44:36
4e8d9f81c89e7255,smoke/beta,failed,2020-06-11 13:35:13,2020-06-11 13:39:17,244.0,12,270,321,1044,191,1,true,author0@example.com,2020-06-11 13:35:13
f97c10873bab8860,smoke/beta,passed,2020-06-12 12:58:18,2020-06-12 12:59:07,48.6,11,246,381,1196,299,10,true,author2@example.com,2020-06-12 12:58:18
afd983ba85318e67,smoke/beta,passed,2020-06-13 10:33:44,2020-06-13 11:22:43,2939.8,19,693,71,778,276,3,true,author2@example.com,2020-06-13 10:33:44
e993ba2ab6310176,smoke/beta,failed,2020-06-14 10:45:34,2020-06-14 11:32:24,2809.4,15,105,75,876,220,1,true,author0@example.com,2020-06-14 10:45:34
ea9dd7e68c9bd37a,smoke/beta,failed,2020-06-15 09:51:29,2020-06-15 10:04:46,796.8,3,383,346,1082,216,9,false,author2@example.com,2020-06-15 09:51:29
9081b9b2c32fb08a,smoke/beta,passed,2020-06-16 10:52:11,2020-06-16 11:51:59,3587.5,23,506,374,858,93,2,true,author3@example.com,2020-06-16 10:52:11
f9d06ff3c1f4bd7a,smoke/beta,failed,2020-06-17 13:24:13,2020-06-17 14:06:38,2545.2,28,546,60,440,243,7,true,author1@example.com,2020-06-17 13:24:13
92cae016bdffe37c,smoke/beta,passed,2020-06-18 18:43:57,2020-06-18 19:41:05,3428.0,20,423,56,252,199,9,false,author0@example.com,2020-06-18 18:43:57
3b9be9d7c274509b,smoke/beta,failed,2020-06-19 19:00:21,2020-06-19 19:18:59,1118.6,12,315,150,1000,24,2,true,author4@example.com,2020-06-19 19:00:21
a035ada0b9b2a704,smoke/beta,passed,2020-06-20 18:04:01,2020-06-20 18:22:40,1119.4,10,225,93,1006,11,1,false,author0@example.com,2020-06-20 18:04:01
1c6baa93d569620e,smoke/beta,passed,2020-06-21 22:30:43,2020-06-21 23:05:19,2075.8,19,468,172,777,253,9,true,author1@example.com,2020-06-21 22:30:43
36ff464299e15135,smoke/beta,passed,2020-06-22 22:34:09,2020-06-22 23:01:25,1636.2,15,157,372,671,55,9,false,author3@example.com,2020-06-22 22:34:09
7eac01be36ad101b,smoke/beta,passed,2020-06-23 19:21:47,2020-06-23 19:54:28,1961.4,22,458,376,573,55,2,true,author4@example.com,2020-06-23 19:21:47
6729a4562efc8823,smoke/beta,passed,2020-06-24 20:55:28,2020-06-24 21:14:20,1132.6,21,131,329,1150,53,3,true,author4@example.com,2020-06-24 20:55:28
86ac940f8032fe9e,smoke/beta,passed,2020-06-25 21:11:07,2020-06-25 21:41:32,1824.4,1,128,337,1094,102,0,false,author1@example.com,2020-06-25 21:11:07
36bad859b588637f,smoke/beta,passed,2020-06-26 18:07:44,2020-06-26 19:01:03,3198.9,15,91,273,661,215,9,true,author3@example.com,2020-06-26 18:07:44
b906784aa55dab7e,smoke/beta,failed,2020-06-27 22:28:21,2020-06-27 22:54:51,1590.2,14,29,270,654,205,4,true,author0@example.com,2020-06-27 22:28:21
334f3638868ed28a,smoke/beta,passed,2020-06-29 04:13:48,2020-06-29 04:31:16,1048.7,6,266,393,188,88,4,false,author1@example.com,2020-06-29 04:13:48
925024f8f5b3b17c,smoke/beta,passed,2020-06-29 22:56:13,2020-06-29 23:07:31,677.8,23,64,152,803,60,5,true,author3@example.com,2020-06-29 22:56:13
6fdba6f76a5656b5,smoke/beta,failed,2020-07-01 03:39:11,2020-07-01 04:35:42,3391.4,29,128,26,419,132,9,true,author3@example.com,2020-07-01 03:39:11
413cc58efa365b3e,smoke/beta,passed,2020-07-02 03:45:23,2020-07-02 04:42:23,3419.2,9,67,162,956,293,6,true,author3@example.com,2020-07-02 03:45:23
56f19bdbc93d0e75,smoke/beta,passed,2020-07-02 22:06:12,2020-07-02 23:01:04,3292.0,1,280,283,212,136,8,true,author2@example.com,2020-07-02 22:06:12
d44b9dd3a7dfe3cd,smoke/beta,passed,2020-07-03 22:55:20,2020-07-03 23:46:12,3051.2,17,213,400,296,201,8,true,author1@example.com,2020-07-03 22:55:20
e9b364b42d1f3fc0,smoke/beta,passed,2020-07-04 23:22:22,2020-07-05 00:17:06,3284.0,15,47,0,956,158,10,true,author0@example.com,2020-07-04 23:22:22
50c0bcf2dcef3e97,smoke/beta,passed,2020-07-05 18:05:41,2020-07-05 18:22:27,1005.7,9,701,194,724,118,9,false,author0@example.com,2020-07-05 18:05:41
0aac853282145b53,smoke/beta,passed,2020-07-06 14:01:55,2020-07-06 14:06:34,279.7,3,409,357,256,81,8,false,author3@example.com,2020-07-06 14:01:55
93dd35a072b649c9,smoke/beta,passed,2020-07-07 10:33:43,2020-07-07 11:21:57,2893.3,29,703,175,540,241,4,true,author2@example.com,2020-07-07 10:33:43
a33082c33d606d72,smoke/beta,passed,2020-07-08 08:39:42,2020-07-08 09:15:52,2170.3,1,713,68,9,253,0,true,author1@example.com,2020-07-08 08:39:42
ddd1d079c5b1646f,smoke/beta,passed,2020-07-09 07:37:10,2020-07-09 08:19:31,2540.8,25,407,275,171,49,8,true,author3@example.com,2020-07-09 07:37:10
eb4f03a341d5eff2,smoke/beta,passed,2020-07-10 09:41:11,2020-07-10 10:30:03,2931.6,27,620,183,797,100,0,true,author3@example.com,2020-07-10 09:41:11
e789fca0adb1412e,smoke/beta,failed,2020-07-11 08:07:56,2020-07-11 08:09:00,63.4,24,25,388,580,193,3,true,author4@example.com,2020-07-11 08:07:56
7c6f01953cc9340b,smoke/beta,passed,2020-07-12 09:38:06,2020-07-12 09:51:46,819.5,16,376,18,579,262,9,true,author0@example.com,2020-07-12 09:38:06
2ef8d530d04412c8,smoke/beta,passed,2020-07-13 05:59:17,2020-07-13 06:23:21,1444.0,28,289,291,1029,262,2,true,author4@example.com,2020-07-13 05:59:17
6a66e1e769a0b5f1,smoke/beta,passed,2020-07-14 08:03:15,2020-07-14 08:14:12,656.6,19,136,381,138,75,4,true,author4@example.com,2020-07-14 08:03:15
e64724f6279e21e6,smoke/beta,failed,2020-07-15 10:48:04,2020-07-15 11:39:00,3056.2,1,714,347,1096,139,10,false,author0@example.com,2020-07-15 10:48:04
caa4c383448e740b,smoke/beta,passed,2020-07-16 16:03:21,2020-07-16 16:59:57,3396.8,2,335,221,838,150,1,false,author3@example.com,2020-07-16 16:03:21
c422211b3bb110b6,smoke/beta,passed,2020-07-17 14:23:36,2020-07-17 15:16:41,3185.2,8,53,142,865,282,7,false,author0@example.com,2020-07-17 14:23:36
20924ff411faceba,smoke/beta,failed,2020-07-18 13:05:44,2020-07-18 13:58:36,3172.0,26,30,377,467,226,1,true,author1@example.com,2020-07-18 13:05:44
1adeb9fa10e9712a,smoke/beta,failed,2020-07-19 09:04:10,2020-07-19 09:41:55,2264.8,4,33,245,889,22,9,false,author2@example.com,2020-07-19 09:04:10
d6261d4ffc7523fc,smoke/beta,passed,2020-07-20 06:02:07,2020-07-20 06:59:40,3452.9,27,60,170,1069,131,1,false,author0@example.com,2020-07-20 06:02:07
0777754f46bc69cd,smoke/beta,passed,2020-07-21 07:32:22,2020-07-21 07:37:58,335.4,2,39,193,646,43,2,true,author3@example.com,2020-07-21 07:32:22
6d5ad0aea084d393,smoke/beta,passed,2020-07-22 02:11:49,2020-07-22 02:38:01,1571.7,4,698,28,1150,36,4,false,author3@example.com,2020-07-22 02:11:49
48a251a70520e1c3,smoke/beta,passed,2020-07-22 21:20:49,2020-07-22 21:35:11,862.2,20,680,319,26,242,6,false,author3@example.com,2020-07-22 21:20:49
569d0a6adf6b3250,smoke/beta,passed,2020-07-24 01:54:22,2020-07-24 02:15:05,1242.4,22,31,232,1064,178,9,true,author0@example.com,2020-07-24 01:54:22
e697cc076ab82327,smoke/beta,passed,2020-07-24 21:08:18,2020-07-24 21:12:50,271.1,26,203,293,263,270,4,false,author3@example.com,2020-07-24 21:08:18
a9b2545bf6acb198,smoke/beta,passed,2020-07-25 20:54:55,2020-07-25 21:06:29,693.7,5,50,30,266,169,9,false,author4@example.com,2020-07-25 20:54:55
0bba25476efd160e,smoke/beta,passed,2020-07-27 02:25:56,2020-07-27 02:44:57,1140.9,29,559,397,303,85,7,false,author4@example.com,2020-07-27 02:25:56
5a6028091abcdfa9,smoke/beta,passed,2020-07-28 00:32:49,2020-07-28 00:33:48,58.9,19,678,347,301,39,3,true,author3@example.com,2020-07-28 00:32:49
061b590bb130ed03,smoke/beta,passed,2020-07-28 22:40:22,2020-07-28 23:18:59,2316.8,7,75,174,392,253,7,false,author4@example.com,2020-07-28 22:40:22
77cb0a4d4c230ea0,smoke/beta,failed,2020-07-29 23:27:57,2020-07-29 23:46:17,1099.7,11,171,53,935,31,7,true,author0@example.com,2020-07-29 23:27:57
7246aa66f08b23c1,smoke/beta,passed,2020-07-31 01:07:52,2020-07-31 01:36:08,1695.5,7,249,246,683,202,3,false,author1@example.com,2020-07-31 01:07:52
7ff6549acac2c252,smoke/beta,failed,2020-08-01 05:02:39,2020-08-01 05:03:44,65.3,12,35,284,240,82,4,false,author1@example.com,2020-08-01 05:02:39
e09f68a0a7a08202,smoke/beta,passed,2020-08-02 06:37:13,2020-08-02 06:59:07,1314.9,1,208,101,586,99,3,false,author1@example.com,2020-08-02 06:37:13
9059bf40e2ecec0d,smoke/beta,passed,2020-08-03 04:41:53,2020-08-03 04:53:00,667.4,1,185,134,212,20,10,true,author3@example.com,2020-08-03 04:41:53
024a3b3fc13ffe1a,smoke/beta,passed,2020-08-04 06:33:23,2020-08-04 06:54:01,1238.0,7,317,233,496,199,5,true,author4@example.com,2020-08-04 06:33:23
6fa15609f844698c,smoke/beta,passed,2020-08-05 12:16:54,2020-08-05 13:09:51,3177.5,29,733,33,247,83,2,true,author1@example.com,2020-08-05 12:16:54
14c908a9c0c83e4c,smoke/beta,passed,2020-08-06 12:40:20,2020-08-06 12:59:45,1165.1,14,656,125,99,106,8,false,author1@example.com,2020-08-06 12:40:20
0d523e71c8275818,smoke/beta,failed,2020-08-07 10:36:16,2020-08-07 11:24:06,2870.3,28,134,260,1006,117,1,false,author4@example.com,2020-08-07 10:36:16
90b1683eccaa80b9,smoke/beta,passed,2020-08-08 05:22:58,2020-08-08 06:08:11,2712.2,21,774,260,771,265,8,false,author1@example.com,2020-08-08 05:22:58
6212df88b463d280,smoke/beta,passed,2020-08-09 03:14:41,2020-08-09 03:56:31,2509.4,23,511,242,554,215,10,true,author1@example.com,2020-08-09 03:14:41
1f00580e7ef5d832,smoke/beta,failed,2020-08-09 23:52:45,2020-08-10 00:44:36,3111.5,13,228,156,875,203,9,true,author2@example.com,2020-08-09 23:52:45
2c11d0b1a9a8c625,smoke/beta,failed,2020-08-10 20:56:00,2020-08-10 21:41:14,2713.3,10,460,265,725,127,9,true,author3@example.com,2020-08-10 20:56:00
4b815ba1bb7cb985,smoke/beta,failed,2020-08-11 21:04:50,2020-08-11 21:32:11,1640.6,14,423,188,1023,172,4,false,author0@example.com,2020-08-11 21:04:50
b1cbb36e4bdd2993,smoke/beta,failed,2020-08-12 17:14:07,2020-08-12 17:53:01,2333.9,12,89,150,1032,272,8,true,author2@example.com,2020-08-12 17:14:07
51d4c89a7a40b15a,smoke/beta,failed,2020-08-13 22:21:17,2020-08-13 22:26:01,284.7,2,564,102,688,110,10,false,author2@example.com,2020-08-13 22:21:17
8236383a2aa99c55,smoke/beta,passed,2020-08-14 19:59:14,2020-08-14 20:40:24,2470.2,9,200,361,287,288,4,true,author2@example.com,2020-08-14 19:59:14
74f70b97d9fa5b20,smoke/beta,failed,2020-08-15 17:22:10,2020-08-15 18:21:59,3588.7,13,598,387,29,251,10,true,author3@example.com,2020-08-15 17:22:10
c75bd7c37b398891,smoke/beta,passed,2020-08-16 14:06:01,2020-08-16 14:19:00,779.3,8,533,300,1136,249,7,false,author0@example.com,2020-08-16 14:06:01
64d5a57b4641ab5f,smoke/beta,failed,2020-08-17 11:51:26,2020-08-17 12:37:45,2779.4,23,432,107,903,240,8,true,author2@example.com,2020-08-17 11:51:26
42accd5d51de081e,smoke/beta,passed,2020-08-18 07:31:29,2020-08-18 07:50:10,1120.9,24,14,255,731,183,3,false,author3@example.com,2020-08-18 07:31:29
cfaccaff1dca0b87,smoke/beta,passed,2020-08-19 09:45:14,2020-08-19 10:32:03,2809.8,18,311,166,52,300,0,true,author1@example.com,2020-08-19 09:45:14
f951064304545656,smoke/beta,passed,2020-08-20 15:28:51,2020-08-20 16:03:09,2058.4,26,622,311,1180,210,6,true,author3@example.com,2020-08-20 15:28:51
0cf37f45edb02a56,smoke/beta,passed,2020-08-21 10:14:43,2020-08-21 10:43:28,1725.0,11,588,231,628,57,2,true,author4@example.com,2020-08-21 10:14:43
97ae20c351237719,smoke/beta,passed,2020-08-22 06:22:37,2020-08-22 06:59:01,2184.0,1,196,101,147,207,4,true,author1@example.com,2020-08-22 06:22:37
d94ce61626b8e198,smoke/beta,passed,2020-08-23 03:52:12,2020-08-23 04:19:46,1653.1,12,535,5,356,177,6,false,author1@example.com,2020-08-23 03:52:12
44f46dd8f046f5e7,smoke/beta,failed,2020-08-24 09:44:43,2020-08-24 10:10:07,1523.7,24,75,199,427,76,3,false,author3@example.com,2020-08-24 09:44:43
471144799a0d89d8,smoke/beta,passed,2020-08-25 13:33:36,2020-08-25 13:43:33,596.8,19,322,300,420,267,10,false,author2@example.com,2020-08-25 13:33:36
35149b27cabecf94,smoke/beta,passed,2020-08-26 09:58:50,2020-08-26 10:25:51,1621.3,27,413,309,510,279,5,false,author3@example.com,2020-08-26 09:58:50
2cb2f38617490fc3,smoke/beta,failed,2020-08-27 09:31:58,2020-08-27 09:37:53,355.2,21,472,177,614,210,9,true,author3@example.com,2020-08-27 09:31:58
ba866b2791165822,smoke/beta,passed,2020-08-28 06:31:21,2020-08-28 07:15:28,2647.7,15,398,337,380,58,6,true,author1@example.com,2020-08-28 06:31:21
809689393cf383ed,smoke/beta,failed,2020-08-29 11:08:56,2020-08-29 12:01:57,3180.7,18,303,341,141,121,7,false,author4@example.com,2020-08-29 11:08:56
787ef8a7f94c140c,smoke/beta,passed,2020-08-30 06:36:13,2020-08-30 07:21:40,2726.8,17,789,399,672,219,7,true,author2@example.com,2020-08-30 06:36:13
9d5a3aa0b89c3164,smoke/beta,failed,2020-08-31 03:05:32,2020-08-31 03:07:37,125.4,21,716,345,950,205,5,false,author1@example.com,2020-08-31 03:05:32
ef9d7f6a8036b295,smoke/beta,failed,2020-09-01 01:51:08,2020-09-01 01:58:27,439.4,30,144,167,955,258,7,true,author0@example.com,2020-09-01 01:51:08
b8303b1075ca6ccd,smoke/beta,failed,2020-09-02 02:26:00,2020-09-02 03:23:02,3421.6,5,487,142,335,97,0,true,author1@example.com,2020-09-02 02:26:00
8676c37f15074580,smoke/beta,passed,2020-09-02 23:57:47,2020-09-03 00:21:33,1425.3,3,692,390,27,149,2,false,author2@example.com,2020-09-02 23:57:47
f24506e85c6ce787,smoke/beta,passed,2020-09-03 20:05:54,2020-09-03 20:59:31,3216.9,18,226,226,102,277,10,true,author3@example.com,2020-09-03 20:05:54
b5d52b4e18cafa18,smoke/beta,passed,2020-09-04 22:22:57,2020-09-04 22:59:03,2165.6,2,795,193,418,137,5,true,author1@example.com,2020-09-04 22:22:57
d3688f23ff23c6b0,smoke/beta,passed,2020-09-05 17:28:45,2020-09-05 18:28:07,3561.8,11,201,348,134,122,1,true,author1@example.com,2020-09-05 17:28:45
0a966103c346969b,smoke/beta,passed,2020-09-06 12:00:26,2020-09-06 12:49:28,2941.8,11,580,320,393,116,8,false,author3@example.com,2020-09-06 12:00:26
5542b490f53ca555,smoke/beta,failed,2020-09-07 07:27:25,2020-09-07 07:49:08,1303.0,6,20,205,652,16,6,true,author3@example.com,2020-09-07 07:27:25
ab8d1523875d1929,smoke/beta,passed,2020-09-08 04:05:53,2020-09-08 04:22:57,1024.1,20,382,22,142,121,6,false,author4@example.com,2020-09-08 04:05:53
944fec2287cfce2c,smoke/beta,passed,2020-09-09 04:05:35,2020-09-09 04:48:29,2573.7,26,587,87,520,58,9,false,author3@example.com,2020-09-09 04:05:35
e0af64783be1b308,smoke/beta,passed,2020-09-10 06:13:40,2020-09-10 06:55:27,2506.6,11,184,325,656,256,1,false,author0@example.com,2020-09-10 06:13:40
937d91846f019156,smoke/beta,passed,2020-09-11 07:31:49,2020-09-11 07:55:04,1395.1,21,764,119,1036,16,3,true,author4@example.com,2020-09-11 07:31:49
2611213b50fbbf03,smoke/beta,failed,2020-09-12 10:38:15,2020-09-12 10:52:49,873.9,14,780,124,167,40,2,false,author3@example.com,2020-09-12 10:38:15
b31b904dbe4fa9d4,smoke/beta,failed,2020-09-13 08:11:49,2020-09-13 08:24:29,759.7,2,248,371,913,178,2,false,author2@example.com,2020-09-13 08:11:49
c33badeb2e19b791,smoke/beta,passed,2020-09-14 09:55:13,2020-09-14 10:26:42,1889.5,14,668,147,53,127,5,false,author1@example.com,2020-09-14 09:55:13
7c3ade2fea36798f,smoke/beta,failed,2020-09-15 06:23:24,2020-09-15 07:18:30,3306.1,8,708,356,460,205,8,false,author1@example.com,2020-09-15 06:23:24
75b960d49ada7150,smoke/beta,failed,2020-09-16 05:41:54,2020-09-16 06:34:09,3135.4,3,202,26,294,114,2,true,author1@example.com,2020-09-16 05:41:54
ba78300dbfa7421a,smoke/beta,passed,2020-09-17 06:48:35,2020-09-17 07:44:32,3356.6,8,524,40,877,249,4,true,author1@example.com,2020-09-17 06:48:35
bd6fca33c2f0ee5c,smoke/beta,failed,2020-09-18 03:44:56,2020-09-18 04:00:15,918.8,10,595,229,417,149,7,true,author2@example.com,2020-09-18 03:44:56
f624d41018ed8f9f,smoke/beta,failed,2020-09-19 02:31:40,2020-09-19 02:58:26,1605.7,17,629,376,892,89,7,true,author3@example.com,2020-09-19 02:31:40
2c6ba3be10d07f2e,smoke/beta,failed,2020-09-20 01:39:24,2020-09-20 02:33:50,3266.1,10,614,275,317,293,2,false,author3@example.com,2020-09-20 01:39:24
6f955288e45c32bd,smoke/beta,passed,2020-09-21 01:13:14,2020-09-21 01:36:03,1369.3,20,497,36,687,79,7,true,author1@example.com,2020-09-21 01:13:14
503b3fc53635f375,smoke/beta,failed,2020-09-22 06:12:51,2020-09-22 07:04:37,3106.1,24,747,191,1011,217,6,false,author2@example.com,2020-09-22 06:12:51
b6b0e2b3543095e8,smoke/beta,failed,2020-09-23 04:49:21,2020-09-23 05:48:36,3555.5,3,423,19,259,207,9,true,author1@example.com,2020-09-23 04:49:21
0f85b22490c8f556,smoke/beta,passed,2020-09-24 07:58:41,2020-09-24 08:45:04,2783.4,25,744,178,1048,260,10,false,author0@example.com,2020-09-24 07:58:41
c5b4885888f21f4a,smoke/beta,passed,2020-09-25 09:47:20,2020-09-25 10:31:36,2656.3,8,494,17,745,24,10,true,author2@example.com,2020-09-25 09:47:20
dfd925bae91c89a3,smoke/beta,passed,2020-09-26 11:03:14,2020-09-26 11:12:31,556.1,8,621,296,335,16,1,true,author3@example.com,2020-09-26 11:03:14
e274307483fc079b,smoke/beta,passed,2020-09-27 09:49:34,2020-09-27 10:43:40,3246.6,17,198,216,344,228,4,false,author4@example.com,2020-09-27 09:49:34
96be9fcbf6c82dcb,smoke/beta,passed,2020-09-28 15:26:18,2020-09-28 15:49:34,1396.6,10,756,210,187,65,10,false,author1@example.com,2020-09-28 15:26:18
c2312e6e2615e605,smoke/beta,failed,2020-09-29 12:39:59,2020-09-29 13:25:01,2701.4,23,320,3,349,261,0,true,author0@example.com,2020-09-29 12:39:59
05d4d9407a701047,smoke/beta,passed,2020-09-30 15:57:05,2020-09-30 16:22:23,1518.1,10,755,220,354,100,5,true,author1@example.com,2020-09-30 15:57:05
0e512522147ecd13,smoke/beta,failed,2020-10-01 12:19:40,2020-10-01 13:16:36,3416.1,15,585,108,385,112,0,true,author1@example.com,2020-10-01 12:19:40
d84af11b877a158e,smoke/beta,passed,2020-10-02 09:26:24,2020-10-02 09:51:13,1489.4,21,644,55,345,50,4,true,author3@example.com,2020-10-02 09:26:24
0523e6abc9bd2209,smoke/beta,failed,2020-10-03 04:56:10,2020-10-03 04:58:26,135.9,8,494,248,211,14,0,false,author0@example.com,2020-10-03 04:56:10
9695350263f7440e,smoke/beta,passed,2020-10-04 06:55:12,2020-10-04 06:58:11,179.4,7,539,3,774,276,4,false,author3@example.com,2020-10-04 06:55:12
12ea5bbf749f2061,smoke/beta,passed,2020-10-05 10:00:10,2020-10-05 10:20:42,1231.5,22,356,161,495,194,10,false,author3@example.com,2020-10-05 10:00:10
5bfb695f13e0af69,smoke/beta,passed,2020-10-06 11:19:57,2020-10-06 12:12:24,3146.9,26,107,1,940,215,2,true,author4@example.com,2020-10-06 11:19:57
fa17e4a3ce4b6d92,smoke/beta,passed,2020-10-07 06:48:26,2020-10-07 07:45:32,3425.3,25,259,188,930,253,8,false,author1@example.com,2020-10-07 06:48:26
6f8a782e0ae1802b,smoke/beta,passed,2020-10-08 00:50:41,2020-10-08 01:47:14,3392.7,11,22,324,742,33,5,false,author1@example.com,2020-10-08 00:50:41
6aa8688fe276a0fe,smoke/beta,passed,2020-10-09 02:07:34,2020-10-09 02:44:31,2217.0,3,361,219,980,61,6,false,author4@example.com,2020-10-09 02:07:34
0368394186b4312a,smoke/beta,failed,2020-10-09 22:28:01,2020-10-09 22:59:28,1886.6,19,738,258,70,75,7,true,author2@example.com,2020-10-09 22:28:01
f5ba52b390386ca2,smoke/beta,passed,2020-10-11 02:27:19,2020-10-11 03:26:33,3554.4,15,177,228,241,256,10,true,author1@example.com,2020-10-11 02:27:19
725c6260a65a091f,smoke/beta,passed,2020-10-11 22:59:42,2020-10-11 23:39:27,2385.3,3,113,222,64,92,5,false,author2@example.com,2020-10-11 22:59:42
fb2e35550396ea57,smoke/beta,failed,2020-10-12 19:38:22,2020-10-12 20:07:12,1730.4,29,691,63,283,283,10,false,author0@example.com,2020-10-12 19:38:22
493a51ccba89abd8,smoke/beta,failed,2020-10-13 23:11:09,2020-10-13 23:24:58,829.0,19,789,307,137,185,6,false,author4@example.com,2020-10-13 23:11:09
81817e074ec9c871,smoke/beta,passed,2020-10-15 04:46:51,2020-10-15 05:01:14,863.1,9,123,148,184,67,1,false,author4@example.com,2020-10-15 04:46:51
c0501ff06080a4be,smoke/beta,passed,2020-10-16 10:01:39,2020-10-16 10:09:03,444.5,12,135,160,783,10,4,true,author4@example.com,2020-10-16 10:01:39
1a791a60e5ff1574,smoke/beta,passed,2020-10-17 10:27:17,2020-10-17 11:26:05,3528.1,11,794,186,263,276,10,true,author0@example.com,2020-10-17 10:27:17
065b680065b9ae03,smoke/beta,passed,2020-10-18 09:11:54,2020-10-18 09:39:48,1674.4,5,308,112,1028,243,2,false,author1@example.com,2020-10-18 09:11:54
d1b35dc4c01d1eb3,smoke/beta,passed,2020-10-19 12:09:47,2020-10-19 12:59:32,2985.1,2,618,163,637,267,1,false,author4@example.com,2020-10-19 12:09:47
84db72a495808dce,smoke/beta,passed,2020-10-20 11:54:09,2020-10-20 12:24:06,1797.2,23,390,30,687,88,3,true,author0@example.com,2020-10-20 11:54:09
11b822779985268e,smoke/beta,passed,2020-10-21 16:58:49,2020-10-21 17:50:18,3088.7,24,406,153,331,21,8,false,author2@example.com,2020-10-21 16:58:49
4672326d3355ed3a,smoke/beta,passed,2020-10-22 16:02:59,2020-10-22 16:24:12,1273.5,13,405,36,1086,154,4,true,author4@example.com,2020-10-22 16:02:59
d664339e0c3908aa,smoke/beta,failed,2020-10-23 14:46:30,2020-10-23 15:31:45,2715.6,19,60,363,627,244,10,true,author4@example.com,2020-10-23 14:46:30
e7b0d653ea02003a,smoke/beta,passed,2020-10-24 10:25:32,2020-10-24 10:43:21,1069.2,5,219,111,405,14,5,true,author1@example.com,2020-10-24 10:25:32
ed38fdde4b50e073,smoke/beta,passed,2020-10-25 08:56:39,2020-10-25 09:37:35,2455.6,6,62,49,733,252,2,true,author0@example.com,2020-10-25 08:56:39
4c743ef7b3e9e47a,smoke/beta,passed,2020-10-26 14:42:27,2020-10-26 15:18:16,2148.4,5,647,369,832,135,0,true,author1@example.com,2020-10-26 14:42:27
2a35ae064ca1cabc,smoke/beta,failed,2020-10-27 13:28:02,2020-10-27 14:04:01,2158.3,6,673,381,773,55,7,false,author2@example.com,2020-10-27 13:28:02
a48af28720316669,smoke/beta,passed,2020-10-28 15:03:19,2020-10-28 15:04:31,71.4,4,89,62,1006,270,3,true,author4@example.com,2020-10-28 15:03:19
1885c9fd75cba169,smoke/beta,passed,2020-10-29 15:55:52,2020-10-29 16:12:39,1007.2,24,101,303,375,206,7,false,author2@example.com,2020-10-29 15:55:52
e1d12f9e44699b40,smoke/beta,failed,2020-10-30 16:47:18,2020-10-30 16:51:34,256.7,30,555,94,835,20,6,false,author0@example.com,2020-10-30 16:47:18
f0767d06e9191974,smoke/beta,passed,2020-10-31 17:00:54,2020-10-31 17:43:52,2578.1,26,672,63,429,70,2,true,author0@example.com,2020-10-31 17:00:54
61daef0fb88eb381,smoke/beta,passed,2020-11-01 17:40:18,2020-11-01 17:48:07,469.3,5,593,105,335,54,8,false,author0@example.com,2020-11-01 17:40:18
64797574ccf8d818,smoke/beta,failed,2020-11-02 12:41:13,2020-11-02 12:59:29,1095.9,18,180,216,5,137,4,true,author4@example.com,2020-11-02 12:41:13
9e9c9e2e4965852a,smoke/beta,failed,2020-11-03 17:32:33,2020-11-03 18:04:50,1936.7,5,595,251,645,277,5,true,author0@example.com,2020-11-03 17:32:33
7736132c340ee910,smoke/beta,failed,2020-11-04 19:29:38,2020-11-04 19:32:19,161.1,5,311,110,279,292,3,false,author2@example.com,2020-11-04 19:29:38
c37702b7e2ca318a,smoke/beta,passed,2020-11-05 15:02:09,2020-11-05 15:07:04,295.5,9,271,195,339,214,7,true,author2@example.com,2020-11-05 15:02:09
81f8f1caa935a118,smoke/beta,passed,2020-11-06 17:09:15,2020-11-06 17:18:16,541.4,7,77,322,556,108,5,true,author3@example.com,2020-11-06 17:09:15
00820986b9f0f0cd,smoke/beta,failed,2020-11-07 21:00:46,2020-11-07 21:48:09,2842.4,13,31,309,511,49,4,true,author4@example.com,2020-11-07 21:00:46
9c8625d1c6dda12f,smoke/beta,passed,2020-11-08 16:19:58,2020-11-08 16:24:23,265.5,21,96,185,688,149,2,true,author2@example.com,2020-11-08 16:19:58
91475f7f87dff877,smoke/beta,passed,2020-11-09 10:27:04,2020-11-09 11:25:13,3488.5,13,112,400,257,99,8,false,author4@example.com,2020-11-09 10:27:04
08fe5e11bdfdf29c,smoke/beta,passed,2020-11-10 14:18:26,2020-11-10 14:50:24,1918.4,23,590,144,1134,148,9,true,author0@example.com,2020-11-10 14:18:26
d49a326cbfc43921,smoke/beta,passed,2020-11-11 10:21:22,2020-11-11 10:45:03,1420.7,12,764,347,1093,292,9,false,author3@example.com,2020-11-11 10:21:22
ce6b7e3659b208f6,smoke/beta,failed,2020-11-12 11:27:50,2020-11-12 12:09:11,2481.4,23,164,336,263,83,6,false,author0@example.com,2020-11-12 11:27:50
e1c0c138a0416244,smoke/beta,passed,2020-11-13 16:29:07,2020-11-13 16:51:38,1351.4,25,260,347,861,244,2,false,author2@example.com,2020-11-13 16:29:07
f6329c0e38c4a4ed,smoke/beta,passed,2020-11-14 20:04:01,2020-11-14 20:20:55,1014.7,14,538,367,473,166,10,true,author2@example.com,2020-11-14 20:04:01
abcfff8e4b76078b,smoke/beta,failed,2020-11-15 18:56:42,2020-11-15 19:02:34,351.8,3,83,373,496,57,2,true,author0@example.com,2020-11-15 18:56:42
e9e2adca172c611b,smoke/beta,passed,2020-11-16 21:51:57,2020-11-16 22:21:47,1789.5,28,15,217,1046,79,7,false,author4@example.com,2020-11-16 21:51:57
2ae7432dc587f3fb,smoke/beta,passed,2020-11-18 00:05:15,2020-11-18 00:37:25,1930.7,4,420,7,394,13,6,false,author1@example.com,2020-11-18 00:05:15
18093152dd66d739,smoke/beta,passed,2020-11-19 06:01:05,2020-11-19 06:56:21,3316.0,29,545,350,91,239,2,true,author1@example.com,2020-11-19 06:01:05
29fe63416a8d46d9,smoke/beta,passed,2020-11-20 00:55:10,2020-11-20 01:26:14,1863.9,2,437,253,781,97,5,true,author2@example.com,2020-11-20 00:55:10
e731ad5920616161,smoke/beta,failed,2020-11-21 05:53:17,2020-11-21 06:25:52,1954.7,25,125,148,617,257,4,false,author1@example.com,2020-11-21 05:53:17
771a2d3194cdddb6,smoke/beta,passed,2020-11-21 23:54:54,2020-11-22 00:18:49,1435.2,30,317,329,1060,28,7,false,author0@example.com,2020-11-21 23:54:54
76b1ce0359c872db,smoke/beta,passed,2020-11-22 22:11:02,2020-11-22 22:31:05,1202.9,12,114,2,721,105,6,false,author0@example.com,2020-11-22 22:11:02
58d5ad47ff60419e,smoke/beta,passed,2020-11-23 17:24:00,2020-11-23 17:29:32,332.5,17,162,210,258,259,0,true,author2@example.com,2020-11-23 17:24:00
be225e42347a6e95,smoke/beta,passed,2020-11-24 14:06:47,2020-11-24 14:25:05,1098.4,14,191,274,556,65,7,false,author1@example.com,2020-11-24 14:06:47
d9afb5747a600a98,smoke/beta,passed,2020-11-25 09:47:29,2020-11-25 09:48:20,50.7,29,731,101,231,107,4,true,author1@example.com,2020-11-25 09:47:29
064d796c182e9553,smoke/beta,passed,2020-11-26 08:31:34,2020-11-26 09:25:40,3246.6,6,687,101,986,146,1,false,author3@example.com,2020-11-26 08:31:34
dc2bfc043d1dcdc7,smoke/beta,passed,2020-11-27 09:07:39,2020-11-27 09:50:39,2580.1,11,774,391,823,266,6,true,author0@example.com,2020-11-27 09:07:39
a1fa7588ef1253c8,smoke/beta,passed,2020-11-28 14:37:11,2020-11-28 14:45:11,480.3,12,517,6,489,36,10,false,author3@example.com,2020-11-28 14:37:11
762e0d0f08b83cc6,smoke/beta,passed,2020-11-29 20:20:13,2020-11-29 20:46:34,1580.6,10,293,248,174,229,3,true,author4@example.com,2020-11-29 20:20:13
eb93b1ce28cc143e,smoke/beta,failed,2020-11-30 16:34:45,2020-11-30 16:42:06,440.6,9,722,126,883,111,7,true,author4@example.com,2020-11-30 16:34:45
6cb9955dd7fee27b,smoke/beta,failed,2020-12-01 17:54:45,2020-12-01 18:46:07,3081.9,21,654,76,474,71,2,false,author0@example.com,2020-12-01 17:54:45
f9e1599e2cd34ea8,smoke/beta,failed,2020-12-02 15:11:56,2020-12-02 15:21:08,552.0,1,636,102,191,36,6,false,author4@example.com,2020-12-02 15:11:56
248011f64cac0131,smoke/beta,passed,2020-12-03 12:52:34,2020-12-03 13:06:50,856.2,11,441,245,130,271,6,true,author2@example.com,2020-12-03 12:52:34
40d91bc31384ed6c,smoke/beta,passed,2020-12-04 08:11:49,2020-12-04 09:08:25,3396.5,23,433,126,660,34,2,true,author0@example.com,2020-12-04 08:11:49
2386ace230c6fd4c,smoke/beta,passed,2020-12-05 02:49:21,2020-12-05 03:02:27,786.8,16,291,310,211,230,2,false,author3@example.com,2020-12-05 02:49:21
8663ff51a70bd7f5,smoke/beta,failed,2020-12-06 01:11:07,2020-12-06 01:17:23,375.9,1,704,282,271,179,5,false,author4@example.com,2020-12-06 01:11:07
c9fdd0b81e5b54d5,smoke/beta,passed,2020-12-07 01:31:54,2020-12-07 02:11:06,2351.4,7,603,196,183,64,2,true,author0@example.com,2020-12-07 01:31:54
8e91897a76bd6a1e,smoke/beta,passed,2020-12-08 02:34:14,2020-12-08 03:13:40,2366.0,7,202,360,917,60,1,false,author2@example.com,2020-12-08 02:34:14
8bbc1157a223baee,smoke/beta,passed,2020-12-09 05:16:29,2020-12-09 05:29:00,751.1,24,162,22,266,108,6,false,author4@example.com,2020-12-09 05:16:29
639d26a9a9d3d35b,smoke/beta,passed,2020-12-10 10:58:34,2020-12-10 11:25:45,1631.1,23,125,223,143,257,6,true,author1@example.com,2020-12-10 10:58:34
0319c1060a6bf1c3,smoke/beta,passed,2020-12-11 12:09:58,2020-12-11 12:18:08,490.3,2,584,31,394,213,7,true,author1@example.com,2020-12-11 12:09:58
91a0b404cc804eab,smoke/beta,passed,2020-12-12 11:25:08,2020-12-12 11:59:06,2038.1,13,415,310,561,115,2,true,author1@example.com,2020-12-12 11:25:08
c4c2a7207c03fede,smoke/beta,passed,2020-12-13 12:16:54,2020-12-13 12:17:56,61.6,30,530,233,1036,278,4,false,author1@example.com,2020-12-13 12:16:54
06263110d8d8951f,smoke/beta,failed,2020-12-14 09:50:17,2020-12-14 09:57:52,455.2,8,51,273,492,159,0,true,author2@example.com,2020-12-14 09:50:17
e87d886d331889b3,smoke/beta,failed,2020-12-15 14:57:54,2020-12-15 15:45:27,2852.5,21,259,107,1099,69,0,false,author4@example.com,2020-12-15 14:57:54
014f6e32c7414f7a,smoke/beta,failed,2020-12-16 20:37:54,2020-12-16 21:34:43,3408.7,29,567,135,278,219,9,false,author2@example.com,2020-12-16 20:37:54
3c047b57886e91d6,smoke/beta,passed,2020-12-18 02:27:17,2020-12-18 02:28:25,67.2,12,229,374,577,100,4,true,author4@example.com,2020-12-18 02:27:17
26928e88769d1d49,smoke/beta,passed,2020-12-19 04:20:34,2020-12-19 05:16:56,3382.3,19,113,369,787,141,10,true,author3@example.com,2020-12-19 04:20:34
51bfdb8317b6cf68,smoke/beta,failed,2020-12-20 00:59:25,2020-12-20 01:34:32,2106.5,26,775,202,323,238,3,false,author2@example.com,2020-12-20 00:59:25
18e04e602fecb781,smoke/beta,passed,2020-12-20 20:46:13,2020-12-20 21:16:14,1800.6,15,194,90,391,261,2,false,author0@example.com,2020-12-20 20:46:13
6ced855f52f1fe68,smoke/beta,passed,2020-12-21 18:29:32,2020-12-21 19:18:41,2948.5,22,627,96,147,83,1,false,author1@example.com,2020-12-21 18:29:32
45bb12da825e686c,smoke/beta,passed,2020-12-22 17:57:09,2020-12-22 18:21:36,1466.9,24,544,70,29,61,6,false,author0@example.com,2020-12-22 17:57:09
3a4dd07b74a13992,smoke/beta,failed,2020-12-23 13:16:23,2020-12-23 14:06:18,2994.9,30,49,67,513,52,4,true,author4@example.com,2020-12-23 13:16:23
608ed75d3939e672,smoke/beta,passed,2020-12-24 07:26:06,2020-12-24 08:23:34,3448.7,4,560,376,698,53,3,true,author3@example.com,2020-12-24 07:26:06
f30fa114ce34d2e0,smoke/beta,passed,2020-12-25 10:33:04,2020-12-25 11:22:05,2941.2,10,344,245,321,134,0,false,author4@example.com,2020-12-25 10:33:04
faa2bd43eb9afc47,smoke/beta,passed,2020-12-26 06:01:40,2020-12-26 06:08:17,397.1,10,110,261,855,82,0,true,author0@example.com,2020-12-26 06:01:40
ff849d3686b5836e,smoke/beta,passed,2020-12-27 02:44:53,2020-12-27 03:06:24,1291.3,10,236,350,792,67,7,true,author0@example.com,2020-12-27 02:44:53
9365f0490521ac28,smoke/beta,passed,2020-12-27 23:26:32,2020-12-27 23:43:48,1036.1,3,635,170,247,194,1,true,author4@example.com,2020-12-27 23:26:32
4c1deacefa022e68,smoke/beta,passed,2020-12-28 19:15:20,2020-12-28 19:35:45,1225.4,6,700,217,312,164,9,false,author2@example.com,2020-12-28 19:15:20
f34ab85db19dc7be,smoke/beta,failed,2020-12-29 23:45:37,2020-12-30 00:15:49,1812.3,12,276,364,161,11,2,true,author2@example.com,2020-12-29 23:45:37
243aa9266ad632dd,smoke/beta,passed,2020-12-30 19:32:01,2020-12-30 20:19:56,2874.8,16,73,57,1188,228,4,true,author0@example.com,2020-12-30 19:32:01
b4da2331afe1cf9e,smoke/beta,failed,2020-12-31 17:24:37,2020-12-31 18:10:47,2770.1,12,331,253,873,256,6,false,author1@example.com,2020-12-31 17:24:37
dafc9bba8f9ee4da,smoke/beta,passed,2021-01-01 21:02:10,2021-01-01 21:17:18,907.9,14,567,254,1108,283,7,true,author3@example.com,2021-01-01 21:02:10
0b2ad0dc71976aa4,smoke/beta,passed,2021-01-02 16:02:22,2021-01-02 16:34:13,1911.2,25,715,383,454,54,3,false,author0@example.com,2021-01-02 16:02:22
3f3d2ad2774573d3,smoke/beta,passed,2021-01-03 12:28:44,2021-01-03 12:50:47,1323.8,16,141,56,127,188,5,true,author2@example.com,2021-01-03 12:28:44
3bc138dd23a6484c,smoke/beta,passed,2021-01-04 12:00:12,2021-01-04 12:33:31,1998.9,30,436,124,436,124,0,true,author0@example.com,2021-01-04 12:00:12
8cc5a05c81074796,smoke/beta,passed,2021-01-05 17:32:53,2021-01-05 17:55:51,1377.5,1,717,217,766,37,1,true,author3@example.com,2021-01-05 17:32:53
1fceb7ff3ba3a368,smoke/beta,passed,2021-01-06 21:35:50,2021-01-06 21:38:08,137.8,12,149,40,506,49,0,false,author1@example.com,2021-01-06 21:35:50
d66aed3533656e22,smoke/beta,passed,2021-01-08 00:46:56,2021-01-08 00:55:47,530.2,17,720,153,967,220,5,false,author0@example.com,2021-01-08 00:46:56
7037ba27892424fd,smoke/beta,failed,2021-01-08 22:13:25,2021-01-08 23:06:21,3175.7,2,623,384,360,267,2,true,author3@example.com,2021-01-08 22:13:25
8f9cdcb0a81f4ba4,smoke/beta,passed,2021-01-10 02:12:57,2021-01-10 03:05:34,3157.2,18,733,132,1176,266,4,true,author3@example.com,2021-01-10 02:12:57
7cba0b895a396d40,smoke/beta,failed,2021-01-11 07:23:35,2021-01-11 07:29:33,358.2,13,133,380,438,215,9,true,author1@example.com,2021-01-11 07:23:35
67668f7cf2397e8c,smoke/beta,passed,2021-01-12 06:06:02,2021-01-12 07:04:36,3514.3,20,84,354,964,254,5,false,author3@example.com,2021-01-12 06:06:02
b48f6fbc3233ff7e,smoke/beta,passed,2021-01-13 02:04:43,2021-01-13 02:43:41,2338.5,7,281,55,218,49,5,false,author0@example.com,2021-01-13 02:04:43
6cb63fa35c16fec1,smoke/beta,failed,2021-01-13 22:57:10,2021-01-13 23:04:00,410.1,7,616,5,638,106,8,true,author0@example.com,2021-01-13 22:57:10
44e7dfd35670bdde,smoke/beta,failed,2021-01-14 19:50:13,2021-01-14 20:24:38,2065.3,2,582,247,98,34,5,true,author2@example.com,2021-01-14 19:50:13
1ba30d655ae4e1cc,smoke/beta,passed,2021-01-15 13:56:19,2021-01-15 14:13:37,1038.2,13,517,99,649,210,5,true,author0@example.com,2021-01-15 13:56:19
d9f358aff44e2a98,smoke/beta,passed,2021-01-16 11:54:52,2021-01-16 12:25:20,1827.8,17,798,76,53,205,7,true,author2@example.com,2021-01-16 11:54:52
78be5cf91b2f31d2,smoke/beta,passed,2021-01-17 07:50:57,2021-01-17 07:56:08,311.1,21,100,367,479,120,10,true,author1@example.com,2021-01-17 07:50:57
11a79f57f1d8d0d9,smoke/beta,passed,2021-01-18 13:46:12,2021-01-18 14:45:45,3572.4,20,672,267,704,239,2,false,author2@example.com,2021-01-18 13:46:12
74328c8e30d293fd,smoke/beta,passed,2021-01-19 12:05:38,2021-01-19 12:31:46,1568.3,29,734,396,798,132,3,true,author1@example.com,2021-01-19 12:05:38
bd4e60fc4a602231,smoke/beta,passed,2021-01-20 12:53:48,2021-01-20 13:00:06,377.7,1,151,392,638,290,1,false,author0@example.com,2021-01-20 12:53:48
3ca3654358b21f9d,smoke/beta,failed,2021-01-21 12:21:16,2021-01-21 12:39:21,1085.3,3,291,295,749,190,1,true,author1@example.com,2021-01-21 12:21:16
b766c092a6d42b38,smoke/beta,passed,2021-01-22 14:52:56,2021-01-22 15:52:07,3550.5,9,786,226,292,73,9,false,author0@example.com,2021-01-22 14:52:56
2de5d3c7848dcaa8,smoke/beta,failed,2021-01-23 13:14:38,2021-01-23 13:39:28,1490.2,20,701,66,907,197,8,false,author2@example.com,2021-01-23 13:14:38
caf70e1357568333,smoke/beta,passed,2021-01-24 08:14:45,2021-01-24 08:42:02,1636.8,29,703,21,121,135,8,true,author1@example.com,2021-01-24 08:14:45
d0c751e102793232,smoke/beta,failed,2021-01-25 12:28:57,2021-01-25 12:38:52,594.8,13,79,114,800,246,10,true,author2@example.com,2021-01-25 12:28:57
f8f9735961dfe598,smoke/beta,passed,2021-01-26 12:04:23,2021-01-26 12:58:27,3243.5,15,116,43,374,65,6,false,author1@example.com,2021-01-26 12:04:23
66ac2ca970363958,smoke/beta,failed,2021-01-27 10:53:29,2021-01-27 11:14:21,1252.5,20,502,108,980,68,4,false,author0@example.com,2021-01-27 10:53:29
338b519a3531fba2,smoke/beta,passed,2021-01-28 11:25:56,2021-01-28 11:35:06,549.5,7,332,290,69,204,0,false,author3@example.com,2021-01-28 11:25:56
19f5bc62b69c4d6e,smoke/beta,failed,2021-01-29 17:10:30,2021-01-29 17:23:35,785.0,1,781,350,871,148,4,true,author0@example.com,2021-01-29 17:10:30
2040a90cccf12fb8,smoke/beta,failed,2021-01-30 12:52:33,2021-01-30 12:57:55,321.7,28,734,231,864,278,3,false,author1@example.com,2021-01-30 12:52:33
ab7b4bd03522cace,smoke/beta,failed,2021-01-31 16:50:33,2021-01-31 17:44:42,3248.9,11,776,152,341,111,5,false,author3@example.com,2021-01-31 16:50:33
9793cb2399a49ff1,smoke/beta,passed,2021-02-01 16:32:54,2021-02-01 16:42:58,603.7,23,452,181,1173,209,0,true,author0@example.com,2021-02-01 16:32:54
4ab5d0404eae8c0a,smoke/beta,passed,2021-02-02 19:13:16,2021-02-02 19:22:22,546.3,22,756,380,653,17,2,false,author1@example.com,2021-02-02 19:13:16
7616410671f30cbb,smoke/beta,failed,2021-02-03 19:12:52,2021-02-03 20:00:30,2857.5,22,421,134,1071,11,7,true,author3@example.com,2021-02-03 19:12:52
715acd452db2b048,smoke/beta,passed,2021-02-04 20:52:53,2021-02-04 20:55:34,160.3,24,197,215,1123,95,9,false,author1@example.com,2021-02-04 20:52:53
45e1938ea78ff41b,smoke/beta,passed,2021-02-05 19:03:31,2021-02-05 20:01:50,3499.1,19,19,189,750,18,4,false,author4@example.com,2021-02-05 19:03:31
a8eec863a058864e,smoke/beta,failed,2021-02-06 22:53:14,2021-02-06 23:23:26,1811.9,15,428,210,725,190,8,false,author4@example.com,2021-02-06 22:53:14
270389d4911d4f74,smoke/beta,failed,2021-02-08 04:34:34,2021-02-08 05:30:11,3337.1,15,443,191,367,293,9,true,author4@example.com,2021-02-08 04:34:34
b91205dc76b4f34f,smoke/beta,failed,2021-02-09 03:48:23,2021-02-09 04:28:08,2384.8,22,452,324,585,60,1,true,author0@example.com,2021-02-09 03:48:23
85b2717d47c6bd30,smoke/beta,passed,2021-02-10 05:36:07,2021-02-10 06:01:05,1498.3,16,772,384,1120,61,10,false,author4@example.com,2021-02-10 05:36:07
94793eba5cf4495c,smoke/beta,failed,2021-02-11 06:34:36,2021-02-11 06:52:21,1065.0,14,221,114,936,292,6,true,author1@example.com,2021-02-11 06:34:36
536c9e5672c0c13a,smoke/beta,passed,2021-02-12 10:51:10,2021-02-12 11:12:32,1281.7,26,480,211,815,13,5,true,author4@example.com,2021-02-12 10:51:10
c373438f1ea20936,smoke/beta,passed,2021-02-13 08:15:22,2021-02-13 08:31:36,974.3,27,429,344,499,12,6,true,author0@example.com,2021-02-13 08:15:22
41d44f5dcd950e2f,smoke/beta,passed,2021-02-14 02:34:16,2021-02-14 03:24:48,3031.5,17,764,307,655,181,2,false,author1@example.com,2021-02-14 02:34:16
66862a4fcb854803,smoke/beta,passed,2021-02-15 03:14:24,2021-02-15 03:51:34,2230.1,13,57,295,883,75,10,false,author1@example.com,2021-02-15 03:14:24
c3d5e5442d3afe5b,smoke/beta,failed,2021-02-16 02:04:39,2021-02-16 02:14:34,595.6,8,106,363,263,268,1,false,author2@example.com,2021-02-16 02:04:39
5e703fa1d8b4bbd7,smoke/beta,failed,2021-02-17 06:07:32,2021-02-17 06:27:13,1181.0,3,100,13,900,15,10,true,author0@example.com,2021-02-17 06:07:32
acd8628dba621013,smoke/beta,passed,2021-02-18 07:32:34,2021-02-18 08:30:55,3501.5,19,396,12,272,242,10,false,author1@example.com,2021-02-18 07:32:34
a507cae8bae4d3d8,smoke/beta,passed,2021-02-19 04:25:10,2021-02-19 04:43:20,1090.0,18,256,371,779,143,10,true,author2@example.com,2021-02-19 04:25:10
f440a2c4e62e15a2,smoke/beta,failed,2021-02-19 23:24:54,2021-02-19 23:26:46,112.6,19,110,56,945,72,1,true,author2@example.com,2021-02-19 23:24:54
8a27a46d34f63c25,smoke/beta,failed,2021-02-20 20:33:32,2021-02-20 20:38:38,306.3,28,375,106,805,61,7,true,author3@example.com,2021-02-20 20:33:32
8897837c24afb633,smoke/beta,passed,2021-02-21 15:26:30,2021-02-21 15:31:33,302.4,22,434,192,647,240,2,true,author2@example.com,2021-02-21 15:26:30
4f8527a293979599,smoke/beta,failed,2021-02-22 09:33:48,2021-02-22 10:08:04,2055.2,20,37,60,707,187,7,true,author1@example.com,2021-02-22 09:33:48
b1f5f8b048e1fce0,smoke/beta,failed,2021-02-23 09:49:28,2021-02-23 09:57:12,464.1,20,35,274,52,275,8,true,author1@example.com,2021-02-23 09:49:28
b5fafc8841648f4c,smoke/beta,failed,2021-02-24 14:13:37,2021-02-24 14:27:01,804.5,11,146,112,175,74,4,false,author3@example.com,2021-02-24 14:13:37
66b0a125145aeeab,smoke/beta,failed,2021-02-25 10:37:04,2021-02-25 11:19:42,2557.9,21,306,239,1020,233,8,false,author1@example.com,2021-02-25 10:37:04
f1596568800f633b,smoke/beta,failed,2021-02-26 07:37:08,2021-02-26 08:27:58,3050.3,23,292,201,215,169,2,true,author3@example.com,2021-02-26 07:37:08
b3834278beda9ebf,smoke/beta,passed,2021-02-27 06:49:14,2021-02-27 07:25:13,2158.9,9,331,318,225,206,6,true,author4@example.com,2021-02-27 06:49:14
a3922381ccc65d9b,smoke/beta,passed,2021-02-28 05:03:20,2021-02-28 05:52:35,2955.0,15,176,17,1052,139,9,false,author2@example.com,2021-02-28 05:03:20
7fc6bf4787106437,smoke/beta,passed,2021-03-01 06:18:08,2021-03-01 07:15:10,3422.8,17,365,203,66,68,2,false,author3@example.com,2021-03-01 06:18:08
52c3fff7cd258ac5,smoke/beta,passed,2021-03-02 09:47:34,2021-03-02 09:52:24,289.3,22,385,190,302,170,1,true,author2@example.com,2021-03-02 09:47:34
b4c9de4ccd14f1eb,smoke/beta,passed,2021-03-03 12:03:09,2021-03-03 12:16:22,793.2,19,334,119,1155,43,6,false,author4@example.com,2021-03-03 12:03:09
43b89f75fc46787d,smoke/beta,failed,2021-03-04 08:35:55,2021-03-04 09:09:47,2032.6,23,627,343,158,225,10,false,author2@example.com,2021-03-04 08:35:55
97be27309fcf99a3,smoke/beta,failed,2021-03-05 12:21:33,2021-03-05 12:25:00,207.3,16,515,23,567,225,1,true,author3@example.com,2021-03-05 12:21:33
0b808d1bd352221e,smoke/beta,failed,2021-03-06 08:24:46,2021-03-06 08:48:03,1396.8,19,26,145,41,12,7,false,author1@example.com,2021-03-06 08:24:46
569c0bb5b53ebc11,smoke/beta,passed,2021-03-07 12:30:45,2021-03-07 13:24:33,3228.1,30,545,20,695,18,1,false,author0@example.com,2021-03-07 12:30:45
f370be44b7e65666,smoke/beta,passed,2021-03-08 16:28:15,2021-03-08 16:46:39,1104.6,11,776,177,824,50,8,false,author3@example.com,2021-03-08 16:28:15
ae79a5f343d27a95,smoke/beta,passed,2021-03-09 17:49:07,2021-03-09 18:31:03,2516.4,15,510,328,253,201,9,true,author0@example.com,2021-03-09 17:49:07
c0e5a2e039f58403,smoke/beta,passed,2021-03-10 14:30:25,2021-03-10 14:39:10,525.3,11,709,370,897,125,2,true,author1@example.com,2021-03-10 14:30:25
6013fd1a79b691ff,smoke/beta,passed,2021-03-11 17:11:46,2021-03-11 18:00:50,2943.6,18,10,352,112,142,0,true,author0@example.com,2021-03-11 17:11:46
cdafd8c961cefce1,smoke/beta,failed,2021-03-12 22:33:43,2021-03-12 22:53:48,1205.7,20,393,138,353,80,9,false,author0@example.com,2021-03-12 22:33:43
fa95c2dbf2ec7992,smoke/beta,passed,2021-03-13 18:04:38,2021-03-13 18:49:57,2718.3,29,428,326,920,72,8,true,author4@example.com,2021-03-13 18:04:38
49c24a5a14bb6554,smoke/beta,passed,2021-03-14 17:48:45,2021-03-14 18:05:56,1031.5,25,753,247,467,57,4,false,author0@example.com,2021-03-14 17:48:45
7b1e4f8ec072e622,smoke/beta,passed,2021-03-15 16:02:55,2021-03-15 16:17:50,895.3,21,757,105,164,48,7,true,author1@example.com,2021-03-15 16:02:55
343968a4b956f70b,smoke/beta,failed,2021-03-16 10:12:22,2021-03-16 11:01:34,2952.1,7,504,53,702,116,9,false,author2@example.com,2021-03-16 10:12:22
9a46bfb1da7e49cd,smoke/beta,passed,2021-03-17 12:42:30,2021-03-17 13:33:26,3056.7,4,138,112,749,207,7,true,author3@example.com,2021-03-17 12:42:30
a45ea1a22f505e9a,smoke/beta,failed,2021-03-18 08:57:49,2021-03-18 09:08:05,616.2,10,596,331,214,85,7,true,author0@example.com,2021-03-18 08:57:49
9a6a6688535c32e0,smoke/beta,passed,2021-03-19 05:51:02,2021-03-19 06:02:39,697.7,1,492,338,1092,241,5,false,author0@example.com,2021-03-19 05:51:02
37c0b2d8faefbec4,smoke/beta,failed,2021-03-20 10:58:25,2021-03-20 11:24:35,1570.4,5,411,257,887,270,5,true,author3@example.com,2021-03-20 10:58:25
9550ce51edbaa8be,smoke/beta,failed,2021-03-21 08:14:41,2021-03-21 08:53:46,2345.6,24,437,99,607,106,6,true,author4@example.com,2021-03-21 08:14:41
8178c00495bee3b6,smoke/beta,passed,2021-03-22 05:33:21,2021-03-22 06:04:42,1881.5,4,702,25,514,66,3,true,author0@example.com,2021-03-22 05:33:21
860ca95037f92615,smoke/beta,passed,2021-03-23 10:17:47,2021-03-23 10:32:30,882.4,18,108,141,468,217,6,false,author0@example.com,2021-03-23 10:17:47
c6032f8da70feee5,smoke/beta,passed,2021-03-24 06:56:06,2021-03-24 07:37:46,2499.3,16,215,87,421,187,10,false,author4@example.com,2021-03-24 06:56:06
e796695f6c3415eb,smoke/beta,failed,2021-03-25 04:23:27,2021-03-25 04:34:58,690.7,30,722,318,981,166,3,true,author2@example.com,2021-03-25 04:23:27
a17cf074ea925aba,smoke/beta,failed,2021-03-26 06:34:05,2021-03-26 06:54:21,1215.8,15,150,6,976,229,5,true,author1@example.com,2021-03-26 06:34:05
9e04cb51f321a9af,smoke/beta,passed,2021-03-27 12:15:38,2021-03-27 12:26:18,639.5,25,14,304,726,252,9,true,author3@example.com,2021-03-27 12:15:38
64ebd002f11bc677,smoke/beta,passed,2021-03-28 16:44:21,2021-03-28 16:47:33,191.3,1,585,348,600,126,8,true,author1@example.com,2021-03-28 16:44:21
f93f7238e60aba4d,smoke/beta,failed,2021-03-29 20:02:32,2021-03-29 20:50:52,2899.9,11,468,251,723,289,4,false,author2@example.com,2021-03-29 20:02:32
981046cdd6c647a2,smoke/beta,failed,2021-03-30 18:24:50,2021-03-30 18:46:18,1288.9,23,346,265,996,67,4,true,author1@example.com,2021-03-30 18:24:50
4d464d30085a54c0,smoke/beta,passed,2021-04-01 00:09:27,2021-04-01 00:49:11,2383.9,5,370,254,68,135,9,false,author2@example.com,2021-04-01 00:09:27
15d890438b0cf687,smoke/beta,failed,2021-04-01 20:37:59,2021-04-01 21:33:16,3316.7,13,659,55,565,288,7,true,author2@example.com,2021-04-01 20:37:59
8b0619ffdb72513f,smoke/beta,failed,2021-04-03 01:33:25,2021-04-03 01:53:38,1212.4,19,432,141,638,107,0,false,author4@example.com,2021-04-03 01:33:25
823c1d397ec8a4d2,smoke/beta,passed,2021-04-03 21:01:57,2021-04-03 21:36:10,2053.0,26,360,147,230,14,7,true,author3@example.com,2021-04-03 21:01:57
285653dac6493cbf,smoke/beta,passed,2021-04-04 23:12:13,2021-04-04 23:29:58,1064.5,18,685,83,626,259,4,true,author2@example.com,2021-04-04 23:12:13
42913729e8167417,smoke/beta,failed,2021-04-05 17:23:27,2021-04-05 17:40:47,1040.4,19,131,27,1005,166,0,false,author2@example.com,2021-04-05 17:23:27
e78b5f76e1f18a40,smoke/beta,failed,2021-04-06 19:18:50,2021-04-06 19:34:17,927.6,12,295,257,1153,89,1,false,author1@example.com,2021-04-06 19:18:50
32ee3ff7686cbc4f,smoke/beta,failed,2021-04-08 01:15:53,2021-04-08 01:51:12,2119.3,3,302,112,70,252,5,true,author3@example.com,2021-04-08 01:15:53
187b08847bbbc7ce,smoke/beta,passed,2021-04-09 00:20:08,2021-04-09 00:26:28,380.4,9,314,305,641,98,9,false,author2@example.com,2021-04-09 00:20:08
653cf9bcce5ed220,smoke/beta,failed,2021-04-10 03:59:17,2021-04-10 04:45:28,2770.5,9,143,213,1140,112,4,false,author0@example.com,2021-04-10 03:59:17
d97e3be2747a90eb,smoke/beta,passed,2021-04-11 01:33:22,2021-04-11 02:01:18,1676.3,6,389,400,899,59,2,false,author2@example.com,2021-04-11 01:33:22
65de134e94bd312a,smoke/beta,passed,2021-04-12 01:36:07,2021-04-12 01:57:53,1306.5,12,442,238,866,220,7,true,author4@example.com,2021-04-12 01:36:07
b38e6b3580c97a85,smoke/beta,passed,2021-04-12 19:55:08,2021-04-12 20:00:54,345.7,5,634,154,501,272,5,true,author4@example.com,2021-04-12 19:55:08
783913540296ee9a,smoke/beta,passed,2021-04-13 20:26:17,2021-04-13 20:44:15,1077.2,25,407,64,830,13,7,false,author0@example.com,2021-04-13 20:26:17
bacb90d7f03b8852,smoke/beta,failed,2021-04-14 15:27:15,2021-04-14 16:26:25,3550.6,4,346,304,204,158,9,false,author2@example.com,2021-04-14 15:27:15
9f245dd5fa811b59,smoke/beta,failed,2021-04-15 19:49:33,2021-04-15 20:24:50,2117.1,17,762,367,113,114,8,true,author4@example.com,2021-04-15 19:49:33
27e3244cc796f8cb,smoke/beta,passed,2021-04-16 22:42:39,2021-04-16 22:56:28,828.1,22,660,79,621,169,0,false,author4@example.com,2021-04-16 22:42:39
9c21227754cca7fa,smoke/beta,failed,2021-04-18 00:57:51,2021-04-18 00:58:21,30.1,20,128,266,203,136,3,true,author3@example.com,2021-04-18 00:57:51
8076d08588cb5efc,smoke/beta,passed,2021-04-18 19:15:36,2021-04-18 19:39:21,1424.8,30,129,153,833,257,2,true,author4@example.com,2021-04-18 19:15:36
e92a3bfd2ccbed7d,smoke/beta,passed,2021-04-19 16:23:00,2021-04-19 16:49:38,1597.7,22,636,63,890,84,10,true,author1@example.com,2021-04-19 16:23:00
6cf20c0e246b8400,smoke/beta,passed,2021-04-20 12:05:01,2021-04-20 12:19:50,889.2,17,764,358,1124,112,7,false,author2@example.com,2021-04-20 12:05:01
44923f4212991b79,smoke/beta,failed,2021-04-21 09:33:25,2021-04-21 10:08:57,2131.9,12,688,140,806,207,1,false,author3@example.com,2021-04-21 09:33:25
f3f95a04d9477537,smoke/beta,failed,2021-04-22 13:19:08,2021-04-22 13:36:30,1041.8,4,582,199,27,165,0,false,author0@example.com,2021-04-22 13:19:08
3340007f05e3d0df,smoke/beta,passed,2021-04-23 18:12:58,2021-04-23 18:21:46,527.3,29,745,234,572,14,2,false,author4@example.com,2021-04-23 18:12:58
586e940b733eb634,smoke/beta,passed,2021-04-24 22:29:11,2021-04-24 22:50:26,1275.3,23,542,199,1055,42,2,true,author2@example.com,2021-04-24 22:29:11
cd99aa0a5d471ba6,smoke/beta,passed,2021-04-26 00:21:27,2021-04-26 00:49:17,1670.3,28,148,142,625,211,1,false,author3@example.com,2021-04-26 00:21:27
1bfdf33989faf3c2,smoke/beta,passed,2021-04-27 05:54:29,2021-04-27 06:05:43,673.9,23,524,397,1081,142,2,false,author4@example.com,2021-04-27 05:54:29
00b53669d1ee4530,smoke/beta,failed,2021-04-28 11:22:14,2021-04-28 11:59:28,2234.4,13,74,23,65,91,3,true,author0@example.com,2021-04-28 11:22:14
94176c64fb6a7fa5,smoke/beta,passed,2021-04-29 11:21:49,2021-04-29 11:41:35,1185.5,8,795,375,489,63,2,false,author3@example.com,2021-04-29 11:21:49
3a9a2795bb20e0d3,smoke/beta,failed,2021-04-30 16:25:56,2021-04-30 16:41:20,924.2,2,772,37,909,201,9,true,author1@example.com,2021-04-30 16:25:56
40fcba3bdc5d0f3b,smoke/beta,passed,2021-05-01 14:17:10,2021-05-01 14:40:08,1378.1,21,592,284,414,110,4,false,author3@example.com,2021-05-01 14:17:10
8d3916b4321d42aa,smoke/beta,failed,2021-05-02 16:25:56,2021-05-02 17:10:36,2679.5,14,546,98,181,22,10,true,author1@example.com,2021-05-02 16:25:56
f5caba6445fd2bc6,smoke/beta,failed,2021-05-03 10:49:52,2021-05-03 10:50:41,48.7,25,422,290,1124,46,5,true,author4@example.com,2021-05-03 10:49:52
f879ade2a0fc08a2,smoke/beta,passed,2021-05-04 10:47:07,2021-05-04 11:21:33,2066.2,16,517,180,735,296,2,true,author3@example.com,2021-05-04 10:47:07
a2b5764d1ed4c5bc,smoke/beta,passed,2021-05-05 09:54:56,2021-05-05 09:59:39,283.0,3,135,400,1064,162,1,true,author3@example.com,2021-05-05 09:54:56
4621b6a55dfe3465,smoke/beta,passed,2021-05-06 06:40:56,2021-05-06 07:01:08,1211.4,8,301,128,804,193,1,true,author2@example.com,2021-05-06 06:40:56
b070432379f97da9,smoke/beta,passed,2021-05-07 01:34:47,2021-05-07 02:26:03,3075.9,30,630,256,644,214,9,true,author4@example.com,2021-05-07 01:34:47
a51f4f7ff228a852,smoke/beta,failed,2021-05-08 03:57:00,2021-05-08 04:25:31,1711.4,30,274,334,66,26,5,false,author2@example.com,2021-05-08 03:57:00
f65a31a6321fa120,smoke/beta,passed,2021-05-09 00:21:22,2021-05-09 00:25:24,242.0,7,565,375,680,41,3,false,author0@example.com,2021-05-09 00:21:22
a3ac8a119f6e8f76,smoke/beta,passed,2021-05-10 04:01:26,2021-05-10 04:38:14,2207.7,27,788,18,713,46,6,true,author4@example.com,2021-05-10 04:01:26
611a7ea705eab5a8,smoke/beta,failed,2021-05-11 03:46:09,2021-05-11 04:29:41,2612.3,4,41,254,1044,125,10,false,author3@example.com,2021-05-11 03:46:09
e7da6a154b9a4fb7,smoke/beta,passed,2021-05-12 03:30:01,2021-05-12 04:22:40,3158.9,8,26,28,58,110,8,false,author0@example.com,2021-05-12 03:30:01
efc85973678f39da,smoke/beta,failed,2021-05-13 04:07:49,2021-05-13 04:53:52,2763.5,23,133,220,879,291,2,true,author3@example.com,2021-05-13 04:07:49
a06f295cbd226637,smoke/beta,passed,2021-05-13 23:32:46,2021-05-14 00:27:02,3255.7,12,203,175,899,39,3,true,author0@example.com,2021-05-13 23:32:46
3f44061e041695e9,smoke/beta,failed,2021-05-15 00:36:35,2021-05-15 01:21:33,2698.5,29,554,290,98,17,3,true,author0@example.com,2021-05-15 00:36:35
fd09ae97fbce7546,smoke/beta,passed,2021-05-15 19:17:22,2021-05-15 19:34:41,1038.9,11,363,308,505,159,2,false,author3@example.com,2021-05-15 19:17:22
b385ca1c1973f8b4,smoke/beta,passed,2021-05-16 21:10:50,2021-05-16 21:15:52,302.7,18,215,253,736,122,7,false,author2@example.com,2021-05-16 21:10:50
ba43b809f3f08ec8,smoke/beta,failed,2021-05-18 00:32:35,2021-05-18 01:11:58,2363.5,17,278,163,1113,267,1,true,author2@example.com,2021-05-18 00:32:35
aae70982bcb4305e,smoke/beta,passed,2021-05-19 05:20:53,2021-05-19 05:58:23,2250.1,9,85,104,285,276,3,false,author4@example.com,2021-05-19 05:20:53
0b9b3e07d0daf992,smoke/beta,passed,2021-05-20 01:52:38,2021-05-20 02:41:43,2944.5,5,41,120,906,242,1,true,author3@example.com,2021-05-20 01:52:38
1e7aeb610d1dfa09,smoke/beta,failed,2021-05-21 05:54:47,2021-05-21 06:30:17,2130.0,10,91,30,576,206,7,true,author3@example.com,2021-05-21 05:54:47
bd09a10849d090dc,smoke/beta,failed,2021-05-22 04:31:45,2021-05-22 04:44:29,764.5,6,680,220,1095,36,10,false,author0@example.com,2021-05-22 04:31:45
0d5ba5b87a7b0b59,smoke/beta,failed,2021-05-23 05:01:40,2021-05-23 05:03:43,122.8,20,777,172,542,120,0,false,author4@example.com,2021-05-23 05:01:40
7a78f0f75dda4673,smoke/beta,passed,2021-05-24 04:14:12,2021-05-24 04:58:05,2633.3,24,775,29,228,293,6,false,author4@example.com,2021-05-24 04:14:12
5fefa929a40e0066,smoke/beta,passed,2021-05-25 03:47:55,2021-05-25 04:22:14,2058.8,17,271,83,785,249,3,true,author0@example.com,2021-05-25 03:47:55
e08dc0174ddb59a1,smoke/beta,passed,2021-05-26 01:10:01,2021-05-26 01:26:51,1009.6,8,794,277,610,182,9,false,author0@example.com,2021-05-26 01:10:01
19a6cec3f464fd2b,smoke/beta,passed,2021-05-27 02:33:13,2021-05-27 03:12:57,2383.5,26,673,395,30,73,4,false,author2@example.com,2021-05-27 02:33:13
60ba268b90b3cfa6,smoke/beta,passed,2021-05-28 06:43:29,2021-05-28 06:45:01,91.6,1,482,18,739,255,10,true,author3@example.com,2021-05-28 06:43:29
e6e525cedf06d420,smoke/beta,passed,2021-05-29 01:25:40,2021-05-29 01:42:37,1016.9,20,569,160,136,235,2,false,author2@example.com,2021-05-29 01:25:40
bc103c4b32dde4ab,smoke/beta,passed,2021-05-29 22:32:32,2021-05-29 22:46:34,841.9,6,155,316,106,129,1,true,author1@example.com,2021-05-29 22:32:32
11df8f5b0f843e02,smoke/beta,passed,2021-05-31 00:45:20,2021-05-31 01:20:20,2100.2,2,571,367,471,41,4,false,author0@example.com,2021-05-31 00:45:20
b6bef3fc84b178b2,smoke/beta,passed,2021-06-01 02:53:46,2021-06-01 03:15:18,1291.4,23,50,307,485,189,1,true,author4@example.com,2021-06-01 02:53:46
2c91030f4178b42b,smoke/beta,passed,2021-06-02 02:13:19,2021-06-02 02:27:55,876.0,11,589,190,856,46,10,false,author2@example.com,2021-06-02 02:13:19
cd00234feb5a62ed,smoke/beta,failed,2021-06-02 21:56:20,2021-06-02 22:43:44,2843.7,11,422,333,772,250,4,true,author1@example.com,2021-06-02 21:56:20
f46bd050d4e827b1,smoke/beta,failed,2021-06-03 20:21:31,2021-06-03 20:30:56,565.7,19,31,54,438,170,8,false,author1@example.com,2021-06-03 20:21:31
728f1ae2811c391f,smoke/beta,passed,2021-06-04 18:54:17,2021-06-04 19:33:52,2375.7,5,395,390,165,49,3,false,author4@example.com,2021-06-04 18:54:17
a75f0edbbdab5ff6,smoke/beta,passed,2021-06-05 21:42:04,2021-06-05 22:13:58,1914.1,2,626,241,1079,276,7,false,author2@example.com,2021-06-05 21:42:04
d9be9a03b50e23b8,smoke/beta,passed,2021-06-06 18:02:29,2021-06-06 18:57:12,3282.5,11,253,393,746,128,7,false,author0@example.com,2021-06-06 18:02:29
2ea8f4c33397ac3f,smoke/beta,passed,2021-06-07 20:21:30,2021-06-07 21:18:59,3448.7,14,375,40,725,296,8,true,author2@example.com,2021-06-07 20:21:30
a97ea790fae8dddd,smoke/beta,passed,2021-06-08 22:11:54,2021-06-08 22:39:07,1632.8,14,240,291,261,285,3,false,author4@example.com,2021-06-08 22:11:54
f56f422d836fcc1f,smoke/beta,passed,2021-06-10 00:11:21,2021-06-10 00:59:12,2871.2,11,326,60,171,219,6,true,author4@example.com,2021-06-10 00:11:21
042b604d59c24796,smoke/beta,passed,2021-06-11 00:07:10,2021-06-11 00:19:27,737.2,6,469,7,346,71,6,false,author4@example.com,2021-06-11 00:07:10
c653dab3347a0544,smoke/beta,passed,2021-06-12 02:39:22,2021-06-12 02:45:53,390.6,28,39,220,54,95,1,true,author4@example.com,2021-06-12 02:39:22
76def77c8247044d,smoke/beta,passed,2021-06-13 07:03:31,2021-06-13 07:57:49,3258.2,12,135,205,1145,133,4,true,author2@example.com,2021-06-13 07:03:31
4e73515bdb88af24,smoke/beta,passed,2021-06-14 11:49:40,2021-06-14 12:25:22,2141.6,20,115,369,97,47,5,false,author3@example.com,2021-06-14 11:49:40
1e5d1158c857ab87,smoke/beta,passed,2021-06-15 13:23:52,2021-06-15 13:50:17,1585.4,25,493,358,280,103,9,true,author1@example.com,2021-06-15 13:23:52
bd298048e68d6020,smoke/beta,passed,2021-06-16 18:08:42,2021-06-16 18:31:12,1350.4,21,469,194,661,234,2,false,author0@example.com,2021-06-16 18:08:42
d0db9b3092543582,smoke/beta,passed,2021-06-17 14:55:56,2021-06-17 14:59:18,202.4,17,542,296,1045,228,4,false,author3@example.com,2021-06-17 14:55:56
92f9c1b208b0deb4,smoke/beta,failed,2021-06-18 12:45:18,2021-06-18 12:54:19,541.2,27,757,374,436,230,8,false,author4@example.com,2021-06-18 12:45:18
6c1f4607dfda0b0a,smoke/beta,failed,2021-06-19 17:18:36,2021-06-19 17:39:46,1270.0,6,126,147,565,259,7,true,author1@example.com,2021-06-19 17:18:36
ca25e284278c57ee,smoke/beta,passed,2021-06-20 14:46:18,2021-06-20 15:45:39,3560.0,25,113,118,575,82,1,true,author4@example.com,2021-06-20 14:46:18
80b4185c0bf4fa59,smoke/beta,passed,2021-06-21 18:50:14,2021-06-21 18:52:22,127.6,29,45,276,1106,109,0,false,author0@example.com,2021-06-21 18:50:14
fa72460b967dd8a5,smoke/beta,failed,2021-06-22 17:16:18,2021-06-22 18:13:12,3413.9,14,754,227,1071,74,7,false,author0@example.com,2021-06-22 17:16:18
b526903a21d5a9ec,smoke/beta,passed,2021-06-23 19:52:00,2021-06-23 19:59:39,458.2,29,447,252,543,54,2,false,author0@example.com,2021-06-23 19:52:00
0c17adfec040eca1,smoke/beta,passed,2021-06-25 01:29:17,2021-06-25 02:14:04,2687.1,8,749,38,674,90,8,false,author2@example.com,2021-06-25 01:29:17
6ac871314444416f,smoke/beta,passed,2021-06-26 00:55:47,2021-06-26 01:36:16,2429.3,3,728,352,649,29,6,true,author4@example.com,2021-06-26 00:55:47
a8131c02904f07d7,smoke/beta,passed,2021-06-26 22:44:24,2021-06-26 23:24:14,2390.2,29,646,18,21,135,2,false,author1@example.com,2021-06-26 22:44:24
010e6647d1f3ab0b,smoke/beta,failed,2021-06-28 00:49:12,2021-06-28 00:58:43,570.6,27,196,375,1022,154,2,true,author0@example.com,2021-06-28 00:49:12
0de065def76e64f1,smoke/beta,passed,2021-06-29 06:13:48,2021-06-29 06:58:54,2705.5,1,449,34,1009,295,9,true,author1@example.com,2021-06-29 06:13:48
c2fc69eddfe5c721,smoke/beta,passed,2021-06-30 00:41:45,2021-06-30 01:18:45,2219.8,21,602,120,719,257,8,true,author2@example.com,2021-06-30 00:41:45
